questionId,questions,lang
1,List all the musicals with music by Elton John.,en
1,Liste alle Musicals mit Musik von Elton John auf.,de
1,Dame todos los musicales con música de Elton John.,es
1,Elenca tutti i musicals con musiche di Elton John.,it
1,Donne-moi tous les musicals avec de la musique de de Elton John.,fr
1,Toen een lijst van alle musicals met muziek van Elton John.,nl
1,एल्टन जॉन द्वारा संगीत के साथ सभी संगीतों को सूचीबद्ध करें।,hi_IN
1,Listează toate muzicalurile cu muzică de Elton John.,ro
2,How high is the lighthouse in Colombo?,en
2,فانوس دریایی کولومبو چقدر بلند است؟,fa
2,Wie hoch ist der Leuchtturm in Colombo?,de
2,¿Cómo de alta el faro de Colombo?,es
2,Quanto è alto il faro di Colombo?,it
2,Quelle est la hauteur du phare de Colombo?,fr
2,Hoe hoog is de vuurtoren van Colombo?,nl
2,कोलंबो में लाइटहाउस कितना ऊँचा है?,hi_IN
2,Cât de înalt este farul din Colombo?,ro
3,Who was the wife of U.S. president Lincoln?,en
3,Wer war die Frau von US-Präsident Lincoln?,de
3,¿Quién fué la mujer del presidente americano Lincoln?,es
3,Chi era la moglie del presidente degli Stati Uniti Lincoln?,it
3,Qui était l'épouse du président américain Lincoln?,fr
3,Wie was de vrouw van de Amerikaanse president Lincoln?,nl
3,अमेरिकी राष्ट्रपति लिंकन की पत्नी कौन थी?,hi_IN
4,Who is the host of the BBC Wildlife Specials?,en
4,مجری مجموعه حیات وحش بی.بی.سی چه کسی است؟,fa
4,Wer moderiert die BBC Wildlife Specials?,de
4,¿Quién es el anfitrión de los especiales de la BBC Wildlife?,es
4,Chi è il presentatore degli speciali della BBC Wildlife?,it
4,Qui est le présentateur de BBC Wildlife Specials?,fr
4,Wie is de presentator van de BBC Wildlife Specials?,nl
4,बीबीसी वाइल्डलाइफ स्पेशल का मेजबान कौन है?,hi_IN
4,Cine este prezentatorul pentru BBC Wildlife Specials?,ro
5,How much did Pulp Fiction cost?,en
5,پالپ فیکشن چقدر هزینه داشت؟,fa
5,Wieviel hat Pulp Fiction gekostet?,de
5,¿Cuanto costo Pulp Fiction?,es
5,Quanto è costato Pulp Fiction?,it
5,Combien a coûté Pulp Fiction?,fr
5,Howeveel koste Pulp Fiction?,nl
5,पल्प फिक्शन की लागत कितनी थी?,hi_IN
5,Cât a costat Pulp Fiction?,ro
6,In what city is the Heineken brewery?,en
6,آبجوسازی هینکن در کدام شهر قرار دارد؟,fa
6,In welcher Stadt ist die Heinekenbrauerei?,de
6,¿En qué ciudad esta la fábrica de cerveza Heineken?,es
6,In quale città si trova il birrificio della Heiniken?,it
6,Dans quelle ville se trouve la brasserie de Heineken?,fr
6,In welke stad bevindt zich de Heineken brouwerij?,nl
6,हाइनेकेन शराब की भठ्ठी किस शहर में है?,hi_IN
6,În ce oraș este fabrica de bere Heineken?,ro
7,When did Operation Overlord commence?,en
7,نبرد خان بزرگ کی شروع شد؟,fa
7,Wann wurde die Operation Overlord durchgeführt?,de
7,¿Cuándo comenzó la operación Overlord?,es
7,Quando è iniziata l'operatione Overlord?,it
7,Quand a commencé l'opération Overlord?,fr
7,Wanneer vond Operatie Overlord plaats?,nl
7,ऑपरेशन ओवेरलोर्ड कब शुरू हुआ था?,hi_IN
7,Când a început operațiunea Overlord?,ro
8,In which city does the Chile Route 68 end?,en
8,در کدام شهر مسیر 68 شیلی پایان می یابد؟,fa
8,In welcher Stadt hört die Ruta 68 auf?,de
8,¿En que ciudad termina la ruta Chilena 68?,es
8,In quale città termina la Route 68 in Cile?,it
8,Dans quelle ville se termine la route 68 chilienne?,fr
8,In welke stad eindigt de Route 68 in Chili?,nl
8,चिली रूट 68 का अंत कौनसे शहर में होता है?,hi_IN
8,În ce oraș se termină Route 68 din Chile?,ro
9,Who developed Slack?,en
9,اسلک را چه کسی توسعه داد؟,fa
9,Wer hat Slack entwickelt?,de
9,¿Quien desarrolló Slack?,es
9,Chi ha sviluppato Slack?,it
9,Qui est le développeur de Slack?,fr
9,Wie ontwikkelde Slack?,nl
9,कौन ने स्लैक विकसित किया है?,hi_IN
9,Cine a dezvoltat Slack?,ro
10,Who was married to president Chirac?,en
10,Wer war mit Präsident Chirac verheiratet?,de
10,¿Quién estuvo casado con el presidente Chirac?,es
10,Chi è stato sposato con il presidente Chirac?,it
10,Qui était marrié avec le président Chirac?,fr
10,Wie was met president Chirac getrouwd?,nl
10,राष्ट्रपति चिराक से किसने विवाह किया था?,hi_IN
10,Cine a fost căsătorit cu președintele Chirac?,ro
11,What did Bruce Carver die from?,en
11,Woran ist Bruce Carver gestorben?,de
11,¿De qué murió Bruce Carver?,es
11,Di cosa è morto Bruce Carver?,it
11,Quel est la cause de décès de Bruce Carver?,fr
11,Waaraan overleed Bruce Carver?,nl
11,ब्रूस कार्वर कि मृत्यु किस से हुई?,hi_IN
12,Which cities does the Weser flow through?,en
12,وزر از چه شهرهایی می گذرد؟,fa
12,Durch welche Städte fließt die Weser?,de
12,¿Por qué ciudades pasa el río Weser?,es
12,Attraverso quali città scorre il fiume Weser?,it
12,Quels sont les villes traversées par la Weser?,fr
12,Door welke steden loopt de Weser?,nl
12,किन शहरों से वेसर का प्रवाह होता है?,hi_IN
12,Ce orașe străbate Weserul?,ro
13,Which books by Kerouac were published by Viking Press?,en
13,چه کتاب هایی اثر کرواک توسط انتشارات وایکینگ منتشر شدند؟,fa
13,Welche Bücher von Kerouac wurden von Viking Press verlegt?,de
13,¿Qué libros de Kerouac han sido publicados por Viking Press?,es
13,Quali libri di Kerouac furono pubblicati da Viking Press?,it
13,Quels lives de Kerouac ont été publiés par Viking Press?,fr
13,Welke boeken van Jack Kerouac werden uitgegeven door Viking Press?,nl
13,वाइकिंग प्रेस द्वारा कैरौक की कौन सी किताबें प्रकाशित की गई थीं?,hi_IN
13,Ce cărți de Kerouac a fost publicate de Viking Press?,ro
14,How tall is Amazon Eve?,en
14,قد آمازون ایو چقدر است؟,fa
14,Wie groß ist Amazon Eve?,de
14,¿Cómo de alta es Amazon Eve?,es
14,Quanto è alta Amazon Eve?,it
14,Quelle est la taille de Amazon Eve?,fr
14,Hoe lang is Amazon Eve?,nl
14,अमेज़ॅन ईव कितनी लंबी है?,hi_IN
14,Ce înălțime are Amazon Eve?,ro
15,Which museum exhibits The Scream by Munch?,en
15,In welchem Museum ist Der Schrei von Munch ausgestellt?,de
15,¿En qué museo está expuesto el Grito de Munch?,es
15,In quale museo è esposto l'Urlo di Munch?,it
15,Dans quel musée est exposé Le Cri de Munch?,fr
15,In welk museum hangt De Schreeuw van Munch?,nl
15,कौन सा संग्रहालय मंच द्वारा द स्क्रीम प्रदर्शित करता है?,hi_IN
15,În ce muzeu este expus “Strigătul” lui Munch?,ro
16,Who wrote the book Les Piliers de la terre?,en
16,Wer schrieb das Buch Die Säulen der Erde?,de
16,¿Quen escribió el libro Los pilares de la Tierra?,es
16,Chi ha scritto il libro I pilastri della Terra?,it
16,Qui a écrit le livre Les Piliers de la terre?,fr
16,Wie schreef het boek De Pilaren van de Aarde?,nl
16,लेस पिलीरेस डी ला टेरे किताब को किसने लिखा है?,hi_IN
17,Is James Bond married?,en
17,Ist James Bond verheiratet?,de
17,¿Está James Bond casado?,es
17,James è Bond sposato?,it
17,James Bond est-il marié?,fr
17,Is James Bond getrouwd?,nl
17,क्या जेम्स बांड ने शादी की है?,hi_IN
17,James Bond este căsătorit?,ro
18,Who discovered Ceres?,en
18,سرس را چه کسی کشف کرد؟,fa
18,Wer entdeckte Ceres?,de
18,¿Quién descubrió Ceres?,es
18,Chi ha scoperto Cerere?,it
18,Qui a découvert Cérès?,fr
18,Wie ontdekte Ceres?,nl
18,सेरेस की खोज किसने की?,hi_IN
18,Cine l-a descoperit pe Ceres?,ro
19,Which river does the Brooklyn Bridge cross?,en
19,Welchen Fluss überspannt die Brooklyn Bridge?,de
19,¿Por qué río cruza la Brooklyn Bridge?,es
19,Quale fiume attraversa il ponte di Brooklyn?,it
19,Quelle cours d'eau est traversé par le pont de Brooklyn?,fr
19,Welke rivier overspant de Brooklyn Bridge?,nl
19,ब्रुकलिन ब्रिज को कोनसी नदी पार करती है?,hi_IN
20,What is the largest country in the world?,en
20,بزرگترین کشور در دنیا کدام است؟,fa
20,Was ist das größte Land der Welt?,de
20,¿Cuál es el país más grande del mundo?,es
20,Qual è la nazione più grande al mondo?,it
20,Quel est le pays le plus grand du monde?,fr
20,Wat is het grootse land ter wereld?,nl
20,दुनिया का सबसे बड़ा देश क्या है?,hi_IN
20,Care este cea mai mare țară din lume?,ro
21,Who is the mayor of Paris?,en
21,شهردار پاریس کیست؟,fa
21,Wer ist Bürgermeister von Paris?,de
21,¿Quién es el alcalde de París?,es
21,Chi è il sindaco di Parigi?,it
21,Qui est le maire de Paris?,fr
21,Wie is de burgemeester van Parijs?,nl
21,पेरिस का महापौर कौन है?,hi_IN
21,Cine este primarul Parisului?,ro
22,Who is the coach of Ankara's ice hockey team?,en
22,سرمربی تیم هاکی آنکارا کیست؟,fa
22,Wer ist der Trainer von Ankaras Eishockeymannschaft?,de
22,¿Quién es el entrenador del equipo de hockey sobre hielo de Ankara?,es
22,Chi è l'allenatore della squadra di hockey di Ankara?,it
22,Qui est le coach de l'équipe d'hockey sur glace d'Ankara?,fr
22,Wie is de coach van het ijshockey team van Ankara.,nl
22,अंकारा के आइस हॉकी टीम का कोच कौन है?,hi_IN
22,Cine este antrenorul echipei de hochei pe gheață din Ankara?,ro
23,Who is the mayor of the capital of French Polynesia?,en
23,Wer ist der Bürgermeister der Hauptstadt von Französisch-Polynesien?,de
23,¿Quien es el alcalde de la capital de la Polinesia Francesa?,es
23,Chi è il sindaco della capitale della Polinesia Francese?,it
23,Qui est le maire de la capitale de la Polynésie Francaise?,fr
23,Wie is de burgermeester van de hoofdstad van Frans-Polynesië?,nl
23,फ्रेंच पोलिनेशिया की राजधानी का महापौर कौन है?,hi_IN
23,Cine este primarul capitaliei Polineziei Franceze?,ro
24,Which awards did Douglas Hofstadter win?,en
24,Welche Preise hat Douglas Hofstadter gewonnen?,de
24,¿Qué premios ha ganado Douglas Hofstadter?,es
24,Quali premi ha vinto Douglas Hofstadter?,it
24,Quels prix ont été gagnés par Douglas Hofstadter?,fr
24,Welke prijzen heeft Douglas Hofstadter gewonnen?,nl
24,डगलस हॉफस्टैडर ने किन पुरस्कारों को जीता है?,hi_IN
24,Ce premii a câștigat Douglas Hofstadter?,ro
25,How much did the Lego Movie cost?,en
25,فیلم لگو چقدر هزینه داشت؟,fa
25,Wieviel hat der Legofilm gekostet?,de
25,¿Cuánto cuesta la película de Lego?,es
25,Quanto è costato il Lego Movie?,it
25,Combien a coûté le film de Légo,fr
25,Hoveel heeft de Lego Movie gekost?,nl
25,लेगो मूवी की लागत कितनी थी?,hi_IN
25,Cât de mult a costat filmul Lego?,ro
26,Do Prince Harry and Prince William have the same parents?,en
26,Haben Prinz Harry und Prinz William dieselben Eltern?,de
26,¿Tienen el príncipe Harry y el prínciple William la misma madre?,es
26,Il principe Harry e il principe William hanno gli stessi genitoris?,it
26,Ont les princes Harry et William la même mère?,fr
26,Hebben prins Harry en prins William dezelfde ouders?,nl
26,क्या प्रिंस हैरी और प्रिंस विलियम के माता-पिता एक हैं?,hi_IN
26,Prințul Harry și Prințul William au aceiași părinți?,ro
27,How many languages are spoken in Turkmenistan?,en
27,چند زبان در ترکمنستان صحبت می شود؟],fa
27,Wieviele Sprachen werden in Turkmenistan gesprochen?,de
27,¿Cuántos idiomas se hablan en Turkmenistán?,es
27,Quante lingue sono parlate in Turkmenistan?,it
27,Combien de langues sont parlées au Turkménistan?,fr
27,Hoeveel talen worden er gesproken in Turkmenistan?,nl
27,तुर्कमेनिस्तान में कितनी भाषाएं बोली जाती हैं?,hi_IN
27,Câte limbi sunt vorbite în Turkmenistan?,ro
28,In which films did Julia Roberts as well as Richard Gere play?,en
28,در چه فیلم هایی جولیا رابرتس همچنین ریچارد گییر بازی کردند؟,fa
28,In welchen Filmen spielen sowohl Julia Roberts als auch Richard Gere mit?,de
28,¿En qué películas actúan Julia Roberts y Richard Gere?,es
28,In quali film recitano sia Julia Roberts che Richard Gere?,it
28,Dans quels films jouent Julia Roberts et Richard Gere?,fr
28,In welke films speelden zowel Julia Roberts als Richard Gere?,nl
28,जूलिया रॉबर्ट्स और रिचर्ड गेरे ने किस फिल्म में अभिनय किया था?,hi_IN
28,În ce filme joacă Julia Roberts precum și Richard Gere?,ro
29,In which country does the Ganges start?,en
29,In welchem Land entspringt der Ganges?,de
29,¿En qué país nace el Ganges?,es
29,In quale stato nasce il Gange?,it
29,Dans quel pays commence le Gange?,fr
29,In welk land ontspringt de Ganges?,nl
29,गंगा किस देश में शुरू होती है?,hi_IN
29,Din ce țară izvorăște Ganga?,ro
30,In which year was Rachel Stevens born?,en
30,ریچل استیونز در چه سالی متولد شد؟,fa
30,In welchem Jahr wurde Rachel Stevens geboren?,de
30,¿En que año nació Rachel Stevens?,es
30,In quale anno è nata Rachel Stevens?,it
30,Quand est née Rachel Stevens?,fr
30,In welk jaar word Rachel Stevens geboren?,nl
30,रेचल स्टीवंस का जन्म किस साल हुआ था?,hi_IN
30,În ce an s-a născut Rachel Stevens?,ro
31,Is Barack Obama a democrat?,en
31,Ist Barack Obama ein Demokrat?,de
31,¿Es Barack Obama demócrata?,es
31,Barack Obama è un democratico?,it
31,Barack Obama est-il un démocrate?,fr
31,Is Barack Obama een democraat?,nl
31,क्या बराक ओबामा एक डेमोक्रेट है?,hi_IN
31,Barack Obama este un democrat?,ro
32,Where was Bach born?,en
32,Wo wurde Bach geboren?,de
32,¿Dónde nació Bach?,es
32,Dove è nato Bach?,it
32,Où est né Bach?,fr
32,Waar was Bach geboren?,nl
32,बाख का जन्म कहाँ हुवा था?,hi_IN
32,Unde s-a născut Bach?,ro
33,How often did Jane Fonda marry?,en
33,جین فوندا چند بار ازدواج کرد؟,fa
33,Wie oft hat Jane Fonda geheiratet?,de
33,¿Cuántas veces ha estado casada Jane Fonda?,es
33,Quante volte si è sposata Jane Fonda?,it
33,Combien de fois s'est mariée Jane Fonda?,fr
33,Hoe vaak is Jane Fonda getrouwd?,nl
33,जेन फोंडा ने कितनी बार शादी की?,hi_IN
33,Cât de des s-a măritat Jane Fonda?,ro
34,Who was the first to climb Mount Everest?,en
34,Wer hat als erstes den Mount Everest bestiegen?,de
34,¿Quién fue el primero en ascender al Monte Everest?,es
34,Chi è stato il primo a scalare il Monte Everest?,it
34,Qui est la première personne à conquerir le Mont Everest?,fr
34,Wie was de eerste die de Mount Everest beklom?,nl
34,माउंट एवरेस्ट पर चढ़ने वाला पहला कौन था?,hi_IN
34,Cine a fost primul om care a escaladat muntele Everest?,ro
35,How many people live in Poland?,en
35,چند نفر در لهستان زندگی می کنند؟,fa
35,Wieviele Menschen leben in Polen?,de
35,¿Cuántas personas viven en Polonia?,es
35,Quante persone vivono in Polonia?,it
35,Combien de personnes vivent en Pologne?,fr
35,Hoeveel mensen wonen er in Polen?,nl
35,पोलैंड में कितने लोग रहते हैं?,hi_IN
35,Câți oameni locuiesc în Polonia?,ro
36,What is the location of the Houses of Parliament?,en
36,مکان کاخ وستمینستر کجاست؟,fa
36,Wo ist der Westminster-Palast?,de
36,¿Donde están situadas las Casas del Parlamento?,es
36,Dove si trova il Palazzo di Westminster?,it
36,Où se trouve le palais de Westminster?,fr
36,Waar is de Palace of Westminster?,nl
36,संसद के सदनों का स्थान क्या है?,hi_IN
36,Care este locația Palatului Westminster?,ro
37,In which country is the Limerick Lake?,en
37,In welchem Land befindet sich der Limerick Lake?,de
37,¿En qué país se encuentra el lago Limerick?,es
37,In quale stato si trova il lago Limerick?,it
37,Dans quel pays se trouve le lac Limerick?,fr
37,In welk land ligt Limerick Lake?,nl
37,लिमरिक झील किस देश में है?,hi_IN
38,What was the last movie with Alec Guinness?,en
38,آخرین فیلم الک گینس چه بود؟,fa
38,Was war der letzte Film mit Alec Guinness?,de
38,¿Cuál fue la última película con Alec Guinness?,es
38,Qual è l'ultimo film con Alec Guinness?,it
38,Quel est le dernier film d'Alec Guinness?,fr
38,Wat was de laatste film met Alec Guinness?,nl
38,एलेक गिनीज की आखिरी फिल्म क्या थी?,hi_IN
38,Care a fost ultimul film cu Alec Guinness?,ro
39,What is the highest mountain in Australia?,en
39,Was ist der höchste Berg in Australien?,de
39,¿Cuál es la montaña más alta de Australia?,es
39,Qual è la montagna più alta d'Australia?,it
39,Quelle est la plus haute montagne d'Australie?,fr
39,Wat is de hoogste berg van Australië?,nl
39,ऑस्ट्रेलिया में सर्वोच्च पर्वत कोनसा है?,hi_IN
40,Is Frank Herbert still alive?,en
40,Lebt Frank Herbert noch?,de
40,¿Todavía vive Frank Herbert?,es
40,Frank Herbert è ancora vivo?,it
40,Frank Herbert est-il encore en vie?,fr
40,Leeft Frank Herbert nog?,nl
40,क्या फ्रैंक हरबर्ट अभी भी जीवित है?,hi_IN
41,Who created Family Guy?,en
41,چه کسی مرد خانواده را ساخته است؟,fa
41,Wer hat sich Family Guy ausgedacht?,de
41,¿Quién creó Family Guy?,es
41,Chi ha creato I Griffin?,it
41,Qui est le créateur de Family Guy?,fr
41,Wie heeft Family Guy bedacht?,nl
41,फॅमिली गाए कौन ने बनाया है?,hi_IN
41,Cine a creat Family Guy?,ro
42,What is the official language of Suriname?,en
42,Was ist die Amtssprache Von Surinam?,de
42,¿Cuál es la idioma oficial de Surinam?,es
42,Qual è la lingua ufficiale del Suriname?,it
42,Quelle est la langue officielle du Suriname?,fr
42,Wat is de officiële taal van Suriname?,nl
42,सूरीनाम की आधिकारिक भाषा क्या है?,hi_IN
42,Care este limba oficială din Suriname?,ro
43,Who wrote the song Hotel California?,en
43,چه کسی آهنگ هتل کالیفرنیا را نوشت؟,fa
43,Wer hat das Lied Hotel California geschrieben?,de
43,¿Quién escribió la canción Hotel California?,es
43,Chi ha scritto la canzone Hotel California?,it
43,Qui a composé la chanson Hotel California?,fr
43,Wie schreef het lied Hotel California?,nl
43,गीत होटल कैलिफोर्निया कोंन ने लिखा था?,hi_IN
43,Cine a compus cântecul Hotel California?,ro
44,Give me all actors starring in movies directed by William Shatner.,en
44,تمام بازیگرانی که در فیلم های کارگردانی شده توسط ویلیام شاتنر بازی کرده اند را لیست کن.,fa
44,"Gib mir alle Schauspieler von Filmen, in denen William Shatner Regie geführt hat.",de
44,Dame todos los actores de películas dirigidas por William Shatner.,es
44,Dammi tutti gli attori che recitano in film diretti da William Shatner.,it
44,Donnes-moi tous les acteurs qui ont joué dans des films réalisés par Williams Shatner.,fr
44,Geef alle acteurs van films waar William Shatner de regie van voerde.,nl
44,विलियम शेटनेर द्वारा निर्देशित फिल्मों में सभी कलाकारों की सूचि दे।,hi_IN
44,Dă-mi toți actorii care joacă roluri principale în filme regizate de William Shatner.,ro
45,What is in a chocolate chip cookie?,en
45,چه چیزهایی در یک کیک شکلاتی هست؟,fa
45,Was ist in Chocolate Chip Cookies drin?,de
45,¿Qué contiene una galleta de chocolate?,es
45,Cosa c'e' in un biscotto con gocce di cioccolato?,it
45,Quels sont les ingrédients d'un cookie au chocolat,fr
45,Wat heb je nodig voor chocolate chip cookies?,nl
45,चॉकलेट चिप कुकी में क्या है?,hi_IN
45,Ce conține un biscuit cu fulgi de ciocolată?,ro
46,Which ingredients do I need for carrot cake?,en
46,چه مواد اولیه ای را من برای کیک هویج نیاز دارم؟,fa
46,Welche Zutaten brauche ich für Möhrenkuchen?,de
46,¿Qué ingredientes son necesarios para una tarta de zanahorias?,es
46,Di quali ingredienti ho bisogno per la torta di carote?,it
46,Quels sont les ingrédients du gateau aux carottes?,fr
46,Welke ingrediënten heb ik nodig voor worteltaart?,nl
46,गाजर केक के लिए मुझे कौन से सामग्री की आवश्यकता है?,hi_IN
46,De ce ingrediente am nevoie pentru tort de morcovi?,ro
47,Does Neymar play for Real Madrid?,en
47,آیا نیمار برای رئال مادرید بازی می کند؟,fa
47,Spielt Neymar für Real Madrid?,de
47,¿juega Neymar en el Real Madrid?,es
47,Neymar gioca per il Real Madrid?,it
47,Est-ce que Neymar joue pour Madrid?,fr
47,Speelt Neymar bij Real Madrid?,nl
47,क्या नेयमार रियल मैड्रिड के लिए खेलते हैं?,hi_IN
47,Neymar joacă pentru Real Madrid?,ro
48,In which UK city are the headquarters of the MI6?,en
48,In welcher Stadt im Vereinigten Königreich ist das Hauptquartier des MI6?,de
48,¿En qué ciudad del reino unido se encuentra el cuartel genetal del MI6?,es
48,In quale città del Regno Unito si trova il quartier generale del MI6?,it
48,Dans quelle ville anglaise se trouvent les quartiers genéraux du MI6?,fr
48,In welke Britse stad is het hoofdkwartier van MI6 gevestigd?,nl
48,किस यूके शहर में एमआई-6 का मुख्यालय है?,hi_IN
48,În care oraș din Regatul Unit se află cartierul general al MI6?,ro
49,Was the Cuban Missile Crisis earlier than the Bay of Pigs Invasion?,en
49,War die Kubakrise vor der Schweinebuchtinvasion?,de
49,¿Fué la crisis de cuba antes de la invasión de bahía de cochinos?,es
49,La crisi dei missili di Cuba avvenne prima dello sbarco nella Baia dei Porci?,it
49,La crise des missiles de Cuba a-t-elle eu lieu avant the débarquement de la baie des Cochons?,fr
49,Was de Cubacrisis eerder dan de invasie in de Varkensbaai?,nl
49,क्या क्यूबाई मिसाइल संकट बे ऑफ़ पिग्स आक्रमण के पहले हुआ था?,hi_IN
50,What does IYCM stand for?,en
50,Wofür steht IYCM?,de
50,¿Qué abrevia IYCM?,es
50,Che cosa significa IYCM?,it
50,Que veut dire IYCM?,fr
50,Waarvoor staat de afkorting IYCM?,nl
50,आईसीवायएम् का पूर्ण प्रपत्र क्या है?,hi_IN
50,Ce înseamnă IYCM?,ro
51,When did the Ming dynasty dissolve?,en
51,Wann endete die Ming-Dynastie?,de
51,¿Cuándo se disolvió la dinastía de Ming?,es
51,Quando è scomparsa la dinastia Ming?,it
51,Quand la dynastie Ming s'est-elle dissoute?,fr
51,Wanneer werd de Ming-dynastie beëindigd?,nl
51,मिंग राजवंश को कब भंग किया?,hi_IN
51,Când a dispărut dinastia Ming?,ro
52,"What is the total population of Melbourne, Florida?",en
52,"Was ist die Gesamteinwohnerzahl von Melbourne, Florida?",de
52,"¿Cuál es la población total de Melbourne, Florida?",es
52,"Qual è la popolazione totale di Melbourne, Florida?",it
52,"Quelle est la population totale de Melbourne, Floride?",fr
52,"Wat is de bevolking van Melbourne, Florida?",nl
52,"मेलबोर्न, फ्लोरिडा की कुल आबादी क्या है?",hi_IN
52,"Care este populația totală a Melbourne, Florida?",ro
53,Did Arnold Schwarzenegger attend a university?,en
53,Hat Arnold Schwarzenegger eine Universität besucht?,de
53,¿Fue Arnold Schwarzenegger a la universidad?,es
53,Arnold Schwarzenegger ha frequentato l'Università?,it
53,Est-ce que Arnold Schwarzenegger a étudié à une université?,fr
53,Had Arnold Schwarzenegger aan een universiteit gestudeerd?,nl
53,क्या अर्नोल्ड श्वार्ज़नेगर विश्वविद्यालय गए थे?,hi_IN
53,Arnold Schwarzenegger a frecventat o universitate?,ro
54,What country is Mount Everest in?,en
54,In welchem Land ist der Mount Everest?,de
54,¿En que país esta el monte Everest?,es
54,In quale stato si trova il Monte Everest?,it
54,Dans quel pays se trouve le mont Everest?,fr
54,In welke land is de Mount Everest?,nl
54,कोनसे देश में माउंट एवरेस्ट है?,hi_IN
54,În ce țară se află muntele Everest?,ro
55,What is the largest city in Australia?,en
55,Was ist die größte Stadt in Australien?,de
55,¿Cuál es la cuidad más grande de Australia?,es
55,Qual è la città più grande d'Australia?,it
55,Quelle est la plus grande ville d'Australie?,fr
55,Wat is de grootste stad van Australië?,nl
55,ऑस्ट्रेलिया में सबसे बड़ा शहर क्या है?,hi_IN
56,Give me all launch pads operated by NASA.,en
56,Gib mir alle von der NASA betriebenen Startrampen.,de
56,Dame todas las plataformas de lanzamiento operadas por la NASA.,es
56,Dammi tutte le rampe di lancio gestite dalla NASA.,it
56,Donnes-moi toutes les rampes de lancements des Etats-unis.,fr
56,Noem alle lanceerplatformen van de NASA.,nl
56,मुझे नासा द्वारा संचालित सभी लॉन्च पैड की सूचि दें।,hi_IN
56,Dă-mi toate rampele de lansare operate de către NASA.,ro
57,Who is the mayor of Tel Aviv?,en
57,Wer ist der Bürgermeister von Tel Aviv?,de
57,¿Quién es el alcalde de Tel Aviv?,es
57,Chi è il sindaco di Tel Aviv?,it
57,Qui est le maire de Tel Aviv?,fr
57,Wie is de burgemeester van Tel Aviv?,nl
57,तेल अवीव के महापौर कौन हैं?,hi_IN
57,Cien este primarul din Tel Aviv?,ro
58,List all episodes of the first season of the HBO television series The Sopranos.,en
58,Liste alle Episoden der ersten Staffel der HBO-Fernsehserie Die Sopranos auf.,de
58,Dame todos los episodios de la prímera época de la serie de HBO Los Sporanos.,es
58,Elenca tutti gli episodi della prima stagione della serie televisiva di HBO i Sopranos.,it
58,Donnes-moi tous les épisodes de la première saison de la série télévisée de HBO les Sopranos.,fr
58,Noem alle afleveringen van het eerste seizoen van de HBO-serie The Sopranos.,nl
58,एचओओ टेलीविजन श्रृंखला द सोप्रानोस के पहले सीज़न के सभी एपिसोड की सूची बनाएं। ',hi_IN
58,Listează toate episodele din primul sezon al serialului HBO de televiziune The Sopranos,ro
59,Who created Batman?,en
59,چه کسی بتمن را ساخت؟,fa
59,Wer hat Batman erfunden?,de
59,¿Quién creó Batman?,es
59,Chi ha creato Batman?,it
59,Qui a créé la bande dessinée Captain America?,fr
59,Door wie werd Batman bedacht?,nl
59,किसने बैटमैन बनाया?,hi_IN
59,Cine a creat Batman?,ro
60,Who played Gus Fring in Breaking Bad?,en
60,چه کسی گوستاوو فرینگ را در بریکینگ بد بازی کرد؟,fa
60,Wer hat Gus Fring in Breaking Bad gespielt?,de
60,¿Quién interpreto a Gus Fring en Breaking Bad?,es
60,Chi ha interpretato Gustavo Fring in Breaking Bad - Reazioni collaterali?,it
60,Qui joua Gus Fring dans Breaking Bad?,fr
60,Wie speelt Gus Fring in Breaking Bad?,nl
60,किसने गस फ्रिंग को ब्रेकिंग बैड में निभाया है ?,hi_IN
60,Cine l-a jucat pe Gus Fring în Breaking Bad?,ro
61,In which programming language is GIMP written?,en
61,In welcher Programmiersprache wurde GIMP geschrieben?,de
61,¿En qué lenguaje de programación esta programado GIMP?,es
61,In quale linguaggio di programmazione è scritto GIMP?,it
61,En quel langage de programmation a été écrit GIMP?,fr
61,In welke programmeertaal is GIMP geschreven?,nl
61,जीआईएमपी किस प्रोग्रामिंग भाषा में लिखी गई है?,hi_IN
62,In which ancient empire could you pay with cocoa beans?,en
62,در کدام امپراتوری باستانی می توان با دانه های کاکائو داد و ستد کرد؟,fa
62,In welchem alten Reich konnte man mit Kakaobohnen bezahlen?,de
62,En que imperio antiguo pagaría con granos de cacao?,es
62,In quale antico impero era possibile pagare con le fave di cacao?,it
62,Dans quel empire ancien payait-on avec des fèves de cacao?,fr
62,In welke oude imperium kon je met cacaobonen betalen?,nl
62,किस प्राचीन साम्राज्य में आप कोको बीन से भुगतान कर सकते हैं?,hi_IN
62,În ce imperiu antic puteai plăti cu boabe de cacao?,ro
63,Who is the editor of Forbes?,en
63,Wer ist der Herausgeber von Forbes?,de
63,¿Quién es el editor de Forbes?,es
63,Chi è l'editore di Forbes?,it
63,Qui est le rédacteur en chef de Forbes?,fr
63,Wie is de uitgever van Forbes.,nl
63,फोर्ब्स के संपादक कौन है?,hi_IN
63,Cine este editorul Forbes?,ro
64,How many people live in the capital of Australia?,en
64,Wieviele Menschen leben in der Hauptstadt Australiens?,de
64,¿Cuánta gente vive en la capital de Australia?,es
64,Quante persone vivono nella capitale dell'Australia?,it
64,Quel est le nombre d'habitants de la capitale de l'Australie?,fr
64,Hoeveel mensen wonen er in de hoofdstad van Australië?,nl
64,कितने लोग ऑस्ट्रेलिया की राजधानी में रहते हैं?,hi_IN
64,Câți oameni locuiesc in capitala Australiei?,ro
65,Which electronics companies were founded in Beijing?,en
65,چه شرکت های الکترونیکی در پکن تأسیس شدند؟,fa
65,Welche Elektronikunternehmen wurden in Peking gegründet?,de
65,¿Qué compañías de electrónica fueron fundadas en Pekín?,es
65,Quali società di elettronica sono state fondate a Pechino?,it
65,Quelles sont les companies d'électronique fondées à Beijing?,fr
65,Welke elektronica bedrijven zijn opgericht in Peking?,nl
65,बीजिंग में कौन से इलेक्ट्रॉनिक्स कंपनियां स्थापित की गई थीं?,hi_IN
65,Care companii de electronice au fost fondate în Beijing?,ro
66,Give me all video games published by Mean Hamster Software.,en
66,Gib mir alle Videospiele von Mean Hamster Software.,de
66,Dame todos los videojuegos de Mean Hamster Software.,es
66,Dammi tutti i videogiochi di Mean Hamster Software.,it
66,Donnes-moi tous les jeux vidéos publiés par Mean Hamster Software.,fr
66,Geef me alle videogames van Mean Hamster Software.,nl
66,मीन हम्सटर सॉफ्टवेयर द्वारा प्रकाशित सभी वीडियो गेम की सूचि दें। ',hi_IN
66,Dă-mi toate jocurile video publicate de Mean Hamster Software,ro
67,How many Aldi stores are there?,en
67,چه تعداد فروشگاه آلدی وجود دارد؟,fa
67,Wieviele Aldi-Filialen gibt es?,de
67,¿Cuántas tiendas Aldi hay?,es
67,Quanti negozi Aldi ci sono?,it
67,Combien de magasins Aldi sont là?,fr
67,Hoeveel Aldi winkels zijn er?,nl
67,आलड़ी के कितने स्टोर हैं?,hi_IN
67,Câte magazine Aldi există?,ro
68,What is the capital of Cameroon?,en
68,پایتخت کامرون کجاست؟,fa
68,Was ist die Hauptstadt von Kamerun?,de
68,¿Cuál es la capital de Camerún?,es
68,Qual è la capitale del Cameroon,it
68,Quelle est la capitale du Cameroun?,fr
68,Wat is de hoofdstad van Kameroen?,nl
68,कैमरून की राजधानी क्या है?,hi_IN
68,Care este capitala Camerunului?,ro
69,Is there a video game called Battle Chess?,en
69,"Gibt es ein Videospiel, das Battle Chess heißt?",de
69,¿Hay algún videojuego que se llame Battle Chess?,es
69,Esiste un videogioco che si chiama Battle Chess?,it
69,Existe-t-il un jeu vidéo appelé Battle Chess?,fr
69,Bestaat er een videospel met de naam Battle Chess?,nl
69,क्या बैटल चैस नामक वीडियो गेम है?,hi_IN
70,Was the wife of president Lincoln called Mary?,en
70,Hieß die Frau von Präsident Lincoln Mary?,de
70,¿La mujer del presidente Lincoln se llama Mary?,es
70,La moglie del presidente Lincoln si chiamava Mary?,it
70,Est-ce que l'épouse du président Lincoln s'appelait Mary?,fr
70,Heette de echtgenote van president Lincoln Mary?,nl
70,क्या राष्ट्रपति लिंकन की पत्नी का नाम मैरी था?,hi_IN
70,Este soția președintelui Lincoln numită Mary?,ro
71,Give me all movies directed by Francis Ford Coppola.,en
71,تمام فیلم های کارگردانی شده توسط فرانسیس فورد کوپولا را لیست کن.,fa
71,"Gib mir alle Filme, bei denen Francis Ford Coppola Regie geführt hat.",de
71,Dame todas las películas que haya dirigido Francis Ford Coppola.,es
71,Dammi tutti i film diretti da Francis Ford Coppola.,it
71,Donnes-moi tous les films dont Francis réalisés par Francis Ford Coppola.,fr
71,Geef alle films die werden geregisseerd door Francis Ford Coppola.,nl
71,मुझे फ्रांसिस फोर्ड कोपोला द्वारा निर्देशित सभी फिल्मों की सूचि दे ।,hi_IN
71,Dă-mi toate filmele regizate de Francis Ford Coppola.,ro
72,Which of Tim Burton's films had the highest budget?,en
72,Welcher von Tim Burtons Filmen hatte das höchste Budget?,de
72,¿Cuál es la película de Tim Burton con el mayor presupuesto?,es
72,Quali film di Tim Burton hanno avuto il budget più alto?,it
72,Quel film de Tim Burton a le budget le plus haut?,fr
72,Welke van Tim Burton's films had het hoogste budget?,nl
72,टिम बर्टन की फिल्मों में से कौन सी का सबसे ज्यादा बजट था?,hi_IN
72,Care dintre filmele lui Tom Burton a avut cel mai mare buget?,ro
73,Does Breaking Bad have more episodes than Game of Thrones?,en
73,Hat Breaking Bad mehr Episoden als Game of Thrones?,de
73,¿Tiene Breaking Bad más episodios que Game of Thrones?,es
73,Breaking Bad ha più episodi di Game of Thrones?,it
73,A Breaking Bad plus d'épisodes que Game of Thrones?,fr
73,Heeft Breaking Bad meer afleveringen dan Game of Thrones?,nl
73,ब्रेकिंग बैड में गेम ऑफ़ थ्रोन्स की तुलना में अधिक एपिसोड हैं?,hi_IN
73,Are Breaking Bad mai multe episoade decât Game of Thrones?,ro
74,Was Natalie Portman born in the United States?,en
74,Wurde Natalie Portman in den Vereinigten Staaten geboren?,de
74,¿Nació Natalie Portman en los estados unidos de américa?,es
74,"Natalie Portman, nata, Stati Uniti d'America",it
74,Natalie Portman est-elle née aux Etats-Unis?,fr
74,Werd Natalie Portman geboren in de Verenigde Staten?,nl
74,क्या नेटली पोर्टमैन संयुक्त राज्य में पैदा हुइ थी ?,hi_IN
75,Give me the grandchildren of Elvis Presley.,en
75,نوه های الویس پرسلی را لیست کن.,fa
75,Gib mir die Enkel von Elvis Presley.,de
75,Dame todos los nietos de Elvis Presley.,es
75,Dammi i nipoti di Elvis Presley.,it
75,Donne-moi tous les petit-enfants de Elvis Presley.,fr
75,Toon alle kleinkinderen van Elvis Presley.,nl
75,मुझे एल्विस प्रेस्ली के पोतों के नाम दे। ,hi_IN
75,Dă-mi nepoții lui Elvis Presley.,ro
76,Which movies starring Mickey Rourke were directed by Guy Ritchie?,en
76,چه فیلم هایی با بازی میکی رورک توسط گای ریچی کارگردانی شدند؟,fa
76,"Bei welchen Filmen, in denen Mickey Rourke mitspielt, hat Guy Ritchie Regie geführt?",de
76,¿Que peliculas protagonizadas por Mickey Rourke han sido dirigidas por Guy Ritchie?,es
76,Quali film in cui recita Mickey Rourke sono stati diretti da Guy Ritchie?,it
76,Quels films avec Mickey Rourke furent dirigés par Guy Richtie?,fr
76,Welke films met Mickey Rourke werden geregisseerd door Guy Ritchie?,nl
76,मिकी रोर्के अभिनीत कौन सी फिल्में गाए रिची द्वारा निर्देशित थीं?,hi_IN
76,Ce filme cu Mickey Rourke ca protagonist au fost regizate de Guy Ritchie?,ro
77,Which country does the creator of Miffy come from?,en
77,Aus welchem Land kommt der Erfinder von Nijntje?,de
77,¿De qué país viene el creador de Nijntje?,es
77,Da quale stato proviene il creatore di Miffy?,it
77,De quel pays vient le créateur de Miffy?,fr
77,Uit welk land komt de bedenker van Nijntje?,nl
77,मिफ्फी के निर्माता किस देश से आते है?,hi_IN
78,What form of government does Russia have?,en
78,روسیه چه نوع حکومتی دارد؟,fa
78,Welche Regierungsform hat Russland?,de
78,¿Qué forma de gobierno tiene Rusia?,es
78,Quale forma di governo ha la Russia?,it
78,Quelle est la forme de gouvernement de la Russie?,fr
78,Welke regeringsvorm heeft Rusland?,nl
78,रूस की सरकार किस प्रकार की है?,hi_IN
78,Ce formă de guvern are Rusia?,ro
79,Give me all Canadian Grunge record labels.,en
79,Gib mir alle kanadischen Grunge-Plattenfirmen.,de
79,Dame todos las empresas canadienses productoras de música Grunge.,es
79,Dammi tutti i produttori canadesi di musica Grunge.,it
79,Donnes-moi tous les labels discographiques canadiens de grunge.,fr
79,Noem alle Canadese grunge-platenlabels.,nl
79,मुझे सभी कैनेडियन ग्रांज रिकॉर्ड लेबल की सूचि दें।,hi_IN
80,How many children did Benjamin Franklin have?,en
80,بنجامین فرانکلین چند فرزند دارد؟,fa
80,Wieviele Kinder hatte Benjamin Franklin?,de
80,¿Cuántos hijos tuvo Benjamin Franklin?,es
80,Quanti figli ebbe Benjamin Franklin?,it
80,Combien d'enfants Benjamin Franklin avait-il?,fr
80,Hoeveel kinderen had Benjamin Franklin?,nl
80,बेंजामिन फ्रैंकलिन के कितने बच्चे हैं?,hi_IN
80,Câți copii a avut Benjamin Franklin?,ro
81,List the children of Margaret Thatcher.,en
81,Liste die Kinder von Margaret Thatcher auf.,de
81,Dame una lista de los hijos de Margaret Thatcher.,es
81,Elenca i figli di Margaret Thatcher.,it
81,Donnes-moi tous les enfants de Margaret Thatcher.,fr
81,Noem alle kinderen van Margaret Thatcher.,nl
81,मार्गरेट थैचर के बच्चों की सूची बनाएं।,hi_IN
82,From which region is the Melon de Bourgogne?,en
82,Aus welcher Region ist der Melon de Bourgogne?,de
82,¿De que región es el vino Melon de Bourgogne?,es
82,Da quale regione proviene il Melon de Bourgogne?,it
82,De quelle région vient le Melon de Bourgogne?,fr
82,Vanuit welke regio is de Melon de Bourgogne?,nl
82,मेलन डी बर्गोगोन किस क्षेत्र से है?,hi_IN
82,Din ce regiune provine Melon-ul de Bourgogne?,ro
83,Who is the oldest child of Meryl Streep?,en
83,Wer ist das älteste Kind von Meryl Streep?,de
83,¿Cuál es el hijo mas mayor de Meryl Streep?,es
83,Chi è il figlio maggiore di Meryl Streep?,it
83,Qui est l'enfant le plus agé de Merly Streep?,fr
83,Wie is het oudste kind van Meryl Streep?,nl
83,मेरिल स्ट्रीप का सबसे पहला बच्चा कौन है?,hi_IN
83,Cine este copilul cel mai mare al lui Meryl Streep?,ro
84,Are tree frogs a type of amphibian?,en
84,Sind Laubfrösche Amphibien?,de
84,¿Son las ranas verdes un tipo de anfibio?,es
84,Le rane verdi sono un tipo di anfibio?,it
84,Sont les grenouilles arboricoles un type d'amphibiens?,fr
84,Zijn boomkikkers een soort amfibie?,nl
84,क्या वृक्ष के मेंढक एक प्रकार की उभयचर हैं?,hi_IN
84,Sunt broaștele de copac un tip de amfibieni?,ro
85,Is Christian Bale starring in Velvet Goldmine?,en
85,Spielt Christian Bale in Velvet Goldmine mit?,de
85,¿Actúa Christian Bale en Velvet Goldmine?,es
85,Christian Bale ha recitato in Velvet Goldmine?,it
85,Christian Bale joue-t-il dans Velvet Goldmine?,fr
85,Speelt Christian Bale in Velvet Goldmine?,nl
85,क्या वेलवेट गोल्डमाइन में अभिनीता क्रिस्चियन बेल है?,hi_IN
85,Joacă Christian Bale un rol principal în Velvet Goldmine?,ro
86,List all games by GMT.,en
86,Liste alle Spiele von GMT auf.,de
86,Dame todos los juegos de GMT.,es
86,Elenca tutti i giochi di GMT.,it
86,Donne-moi tous les jeux de GMT.,fr
86,Noem alle spelen van GMT.,nl
86,जीएमटी द्वारा सभी खेलों की सूची बनाएं।,hi_IN
87,Does the Isar flow into a lake?,en
87,Fließt die Isar in einen See?,de
87,¿Desemboca el Isar en un lago?,es
87,L'Isar sfocia in un lago?,it
87,L'Isar se déverse-t-il dans un lac?,fr
87,Mondt de Isar uit in een meer?,nl
87,क्या ईसार एक झील में प्रवाहित होती है?,hi_IN
87,Isarul se varsă într-un lac?,ro
88,Which airports does Yeti Airlines serve?,en
88,یتی ایرلاینرز در چه فرودگاه هایی فعالیت می کند؟,fa
88,Welche Flughäfen fliegt Yeti Airlines an?,de
88,¿Qué aeropuertos sirve Yeti Airlines?,es
88,Quali aeroporti sono serviti da Yeti Airlines?,it
88,Quels sont les aéroports servis par Yeti Airlines?,fr
88,Naar welke luchthavens vliegt Yeti Airlines?,nl
88,यति एयरलाइंस किस हवाई अड्डे की सेवा करती है?,hi_IN
88,Ce aeroporturi deservește Yeti Airlines?,ro
89,Which Indian company has the most employees?,en
89,کدام شرکت هندی بیشترین تعداد کارمند را دارد؟,fa
89,Welches indische Unternehmen hat die meisten Angestellten?,de
89,¿Qué empresa de la India tiene el mayor número de empleados?,es
89,Quale società indiana ha il maggior numero di dipendenti?,it
89,Quelle companie indienne a le plus d'employés?,fr
89,Welke Indiase bedrijf heeft de meeste werknemers?,nl
89,किस भारतीय कंपनी में सबसे अधिक कर्मचारी हैं?,hi_IN
89,Ce companie indiană are cei mai mulți angajați?,ro
90,Which city has the most inhabitants?,en
90,Welche Stadt hat die meisten Einwohner?,de
90,¿Que ciudad tiene la mayor población?,es
90,Quale città ha il maggior numero di abitanti?,it
90,Quel ville a le plus grand nombre d'habitants?,fr
90,Welke stad heeft de meeste inwoners?,nl
90,कौन से शहर में सबसे अधिक निवासी है?,hi_IN
90,Care oraș are cei mai mulți locuitori?,ro
91,Who created Wikipedia?,en
91,Wer hat Wikipedia gegründet?,de
91,¿Quién creó Wikipedia?,es
91,Chi ha creato Wikipedia?,it
91,Qui est le créateur de Wikipedia?,fr
91,Wie heeft Wikipedia opgericht?,nl
91,विकिपीडिया किसने बनाया?,hi_IN
92,Is Rita Wilson the wife of Tom Hanks?,en
92,Ist Rita Wilson die Frau von Tom Hanks?,de
92,¿Es Rita Wilson la esposa de Tom Hanks?,es
92,Rita Wilson è la moglie di Tom Hanks?,it
92,Rita Wilson est-elle l'épouse de Tom Hanks?,fr
92,Is Rita Wilson de vrouw van Tom Hanks?,nl
92,क्या रीटा विल्सन टॉम हैंक्स की पत्नी है?,hi_IN
92,Este Rita Wilson soția lui Tom Hanks?,ro
93,Is the wife of president Obama called Michelle?,en
93,Heißt die Frau von Präsident Obama Michelle?,de
93,¿La mujer del presidente Obama se llama Michelle?,es
93,La moglie del presidente Obama si chiama Michelle?,it
93,L'épouse du président Obama s'appelle-t-elle Michelle?,fr
93,Heet de echtgenote van president Barack Obama Michelle?,nl
93,क्या राष्ट्रपति ओबामा की पत्नी का नाम मिशेल है?,hi_IN
94,How many ethnic groups live in Slovenia?,en
94,چند گروه نژادی در اسلوونی زندگی می کنند؟,fa
94,Wieviele ethnische Gruppen leben in Slovenien?,de
94,¿Cuántos grupos étnicos viven en Eslovenia?,es
94,Quanti gruppi etnici vivono in Slovenia?,it
94,Combien de groupes ethniques vivent en Slovénie?,fr
94,Hoeveel etnische groepen leven in Slovenië?,nl
94,कितने जातीय समूह स्लोवेनिया में रहते हैं?,hi_IN
94,Câte grupuri etnice trăiesc în Slovenia?,ro
95,Who is the president of Eritrea?,en
95,رئیس جمهور اریتره کیست؟,fa
95,Wer ist der Präsident von Eritrea?,de
95,¿Quién es el presidente de Eritrea?,es
95,Chi è il presidente dell'Eritrea?,it
95,Qui est le président de l'Érytrée?,fr
95,Wie is de president van Eritrea?,nl
95,इरीट्रिया के राष्ट्रपति कौन है?,hi_IN
95,Cine este președintele Eritreei?,ro
96,Which films did Stanley Kubrick direct?,en
96,چه فیلم هایی را استنلی کوبریک کارگردانی کرده است؟,fa
96,Bei wievielen Filmen hat Stanley Kubrick Regie geführt?,de
96,¿Qué películas dirigio Stanley Kubrick?,es
96,Quanti film ha diretto Stanley Kubrick?,it
96,Quels films ont été dirigés par Stanley Kubrick?,fr
96,Hoveel films heeft Stanley Kubrick geregisseerd?,nl
96,स्टैनले कुब्री ने कौन सी फिल्मे निर्देशित की हैं ?,hi_IN
96,Ce filme a regizat Stanley Kubrick?,ro
97,When was the Titanic completed?,en
97,Wann wurde die Titanic fertiggestellt?,de
97,¿Cuando se completo el Titanic?,es
97,Quando è stato completato il Titanic?,it
97,Quand a été terminé le Titanic?,fr
97,Wanneer was de Titanic afgewerkt?,nl
97,टाइटैनिक कब पूरा हुआ?,hi_IN
97,Când a fost terminat Titanicul?,ro
98,How many pages does War and Peace have?,en
98,Wieviele Seiten hat Krieg und Frieden?,de
98,¿Cuántas páginas tiene Guerra y Paz?,es
98,Quante pagine ha Guerra e Pace?,it
98,Combien de pages a Guerre et Paix?,fr
98,Hoeveel pagina's heeft Oorlog en vrede?,nl
98,वॉर एंड पीस में कितने पृष्ठ हैं?,hi_IN
98,Câte pagini are Război și Pace?,ro
99,What is the highest mountain in Italy?,en
99,Was ist der höchste Berg in Italien?,de
99,¿Cuál es la montaña mas alta en Italia?,es
99,Qual è la montagna più alta in Italia?,it
99,Quelle est la plus haute montagne d'Italie?,fr
99,Wat is de hoogste berg in Italië?,nl
99,इटली में सर्वोच्च पर्वत कोनसा है?,hi_IN
99,Care este cel mai înalt munte din Italia?,ro
100,How tall is Claudia Schiffer?,en
100,Wie groß ist Claudia Schiffer?,de
100,¿Cómo de alta es Claudia Schiffer?,es
100,Quanto è alta Claudia Schiffer?,it
100,Quelle est la taille de Claudia Schiffer?,fr
100,Hoe lang is Claudia Schiffer?,nl
100,क्लाउडिया शिफ़ेर कितनी लंबी है?,hi_IN
101,Who was John F. Kennedy's vice president?,en
101,Wer war der Vizepräsident unter John F. Kennedy?,de
101,¿Quién fué el vicepresidente de John F. Kennedy?,es
101,Chi fu il vicepresidente di John F. Kennedy?,it
101,Qui était le vice-président de John F. Kennedy?,fr
101,Wie was de vicepresident onder John F. Kennedy?,nl
101,जॉन एफ कैनेडी के उपाध्यक्ष कौन थे?,hi_IN
101,Cine a fost vicepreședintele lui John F. Kennedy?,ro
102,Which subsidiary of Lufthansa serves both Dortmund and Berlin Tegel?,en
102,Welche Tochtergesellschaft von Lufthansa fliegt sowohl Dortmund als auch Berlin Tegel an?,de
102,¿Qué subsidiario de Lufthansa vuela en Dortmund y en Berlin?,es
102,Quale società sussidiaria di Lufthansa serve sia Dortmund che Berlin Tegel?,it
102,Quelle subsidiaire de Lufhansa vole sur Dortmund et Berlin Tegel?,fr
102,Welke dochteronderneming van Lufthansa bedient zowel Dortmund en Berlin Tegel?,nl
102,लुफ्तहांसा की कौन सी सहायक कंपनी डॉर्टमुंड और बर्लिन टेगल दोनों की सेवा करती है?,hi_IN
102,Care filială a Lufthansa deservește atât Dortmund cât și Berlin Tegel?,ro
103,Who was the successor of John F. Kennedy?,en
103,Wer war der Nachfolger von John F. Kennedy?,de
103,¿Quién fué el sucesor de John F. Kennedy?,es
103,Chi fu il successore di John F. Kennedy?,it
103,Qui était le successeur de John F. Kennedy?,fr
103,Wie was de opvolger van John F. Kennedy?,nl
103,जॉन एफ कैनेडी के उत्तराधिकारी कौन थे?,hi_IN
104,Who composed the soundtrack for Cameron's Titanic?,en
104,چه کسی موسیقی متن تایتانیک کامرون را نوشته است؟,fa
104,Wer hat den Soundtrack für Camerons Titanic geschrieben?,de
104,¿Quién compuso la banda sonora del Titanic de Cameron?,es
104,Chi ha composto la colonna sonora di Titanic di Cameron?,it
104,Qui a composé le soundtrack du Titanic de Cameron?,fr
104,Door wie is de filmmuziek van Camerons Titanic geschreven?,nl
104,कैमरन टाइटैनिक के लिए साउंडट्रैक किसने बनाया है?,hi_IN
104,Cine a compus coloana sonoră pentru Titanicul lui Cameron?,ro
105,Which movies did Kurosawa direct?,en
105,Welche Filme hat Kurosawa gedreht?,de
105,¿Qué películas ha rodado Kurosawa?,es
105,Che film ha diretto Kurosawa?,it
105,Quels films ont été realisés par Kurosawa?,fr
105,Welke films heeft Kurosawa geregisseerd?,nl
105,कुरोसावा ने कौन सी फिल्मों का निर्देशन किया है ?,hi_IN
105,Ce filme a regizat Kurosawa?,ro
106,In which time zone is Rome?,en
106,رم در چه ناحیه زمانی قرار دارد؟,fa
106,In welcher Zeitzone liegt Rom?,de
106,¿En qué zona horaria esta Roma?,es
106,Qual è il fuso orario di Roma?,it
106,Quelle est la zone horaire de Rome?,fr
106,In welke tijdzone zit Rome?,nl
106,रोम किस समय क्षेत्र में है?,hi_IN
106,Pe ce fus orar este Roma?,ro
107,Give me the currency of China.,en
107,Welche Währung benutzt China?,de
107,¿Cual es la moneda de China?,es
107,Dammi la valuta della Cina.,it
107,Doone-moi la monnaie chinoise.,fr
107,Wat is de munteenheid van China?,nl
107,मुझे चीन की मुद्रा बतायें ।,hi_IN
107,Care este moneda din China?,ro
108,Who are the developers of DBpedia?,en
108,چه کسانی توسعه دهندگان دی.بی.پدیا هستند؟,fa
108,Wer sind die Entwickler von DBpedia?,de
108,¿Quiénes son los desarrolladores de DBpedia?,es
108,Chi ha sviluppato DBpedia?,it
108,Qui sont les développeurs de DBpedia?,fr
108,Wie heeft DBpedia ontwikkeld?,nl
108,डीबीपीडिया के डेवलपर कौन हैं?,hi_IN
108,Cine sunt dezvoltatorii DBpedia?,ro
109,Does Abraham Lincoln's death place have a website?,en
109,Hat Abraham Lincolns Sterbeort eine Webseite?,de
109,¿Tiene el lugar de nacimiento de Abraham Lincol una página web?,es
109,Il luogo di morte di Abraham Lincoln ha un sito web?,it
109,A le lieu de décès d'Abraham Lincoln une page Web?,fr
109,Heeft de stad waarin Abraham Lincoln is overleden een website?,nl
109,अब्राहम लिंकन की मौत की जगह की बसाइट है?,hi_IN
109,Locul morții lui Abraham Lincoln are un website?,ro
110,Who is the king of the Netherlands?,en
110,پادشاه هلند کیست؟,fa
110,Wer ist der König der Niederlande?,de
110,¿Quién es el rey de los Países Bajos?,es
110,Chi è il re dei Paesi Bassi?,it
110,Qui est le roi des Pays-Bas?,fr
110,Wie is de koning van Nederland?,nl
110,नीदरलैंड का राजा कौन है?,hi_IN
110,Cine este regele Țărilor de Jos?,ro
111,In which city did Nikos Kazantzakis die?,en
111,نیکوس کازانتزاکیس در کدام کشور مرد؟,fa
111,In welcher Stadt ist Nikos Kazantzakis gestorben?,de
111,¿En que ciudad murió Nikos Kazantzakis?,es
111,In quale città è morto Nikos Kazantzakis,it
111,Dans quelle ville est mort Kazantsakis?,fr
111,In welke stad is Nikos Kazantzakis overleden?,nl
111,निकोस काजांटाजाकिस का किस शहर में निधन हुआ ?,hi_IN
111,În ce oraș a murit Nikos Kazantsakis?,ro
112,Give me a list of all critically endangered birds.,en
112,لیستی از پرندگان روبه انقراض را بده.,fa
112,Gib mir eine Liste aller stark bedrohten Vogelarten.,de
112,Dame una lista de todas las aves en peligro de extinción.,es
112,Dammi la lista di tutti gli uccelli in via di estinzione.,it
112,Donnes-moi la liste des oiseaux en voie de disparition.,fr
112,Geef een lijst met alle ernstig bedreigde vogelsoorten.,nl
112,मुझे समीक्षकों से लुप्तप्राय पक्षियों की सूची बतायें ।,hi_IN
112,Dă-mi o listă cu toate păsările în pericol ridicat de dispariție.,ro
113,How many inhabitants does the largest city in Canada have?,en
113,Wieviele Einwohner hat die größte Stadt in Kanada?,de
113,¿Cuántos habitantes tiene la ciudad más grande de Canadá?,es
113,Quanti abitanti ha la città più grande del Canada?,it
113,Combien d'habitants a large ville la plus grande du Canada?,fr
113,Hoeveel inwoners heeft de grootste stadt in Canada?,nl
113,कनाडा के सबसे बड़े शहर में कितने निवासी हैं?,hi_IN
113,Câți locuitori are cel mai are oraș din Canada?,ro
114,In which military conflicts did Lawrence of Arabia participate?,en
114,An welchen militärischen Auseinandersetzungen war Lawrence von Arabien beteiligt?,de
114,¿En qué conflictos militares participó Lawrence de Arabia?,es
114,A quali conflitti militari ha partecipato Lawrence d'Arabia?,it
114,Dans quels conflits militaires a participé Lawrence d'Arabie?,fr
114,Bij welke militaire conflicten was Lawrence of Arabia betrokken?,nl
114,अरब के लॉरेंस ने किस सैन्य युद्ध में भाग लिया?,hi_IN
114,În care conflicte militare a participat Lawrence al Arabiei?,ro
115,Which book has the most pages?,en
115,Welches Buch hat die meisten Seiten?,de
115,¿Que libro tiene el mayor numero de paginas?,es
115,Quale libro ha il maggior numero di pagine?,it
115,Quel livre a le plus de pages?,fr
115,Welk boek heeft de meeste pagina's?,nl
115,कौन से पुस्तक में सबसे अधिक पृष्ठ हैं?,hi_IN
115,Ce carte are cele mai multe pagini?,ro
116,In which country does the Nile start?,en
116,In welchem Land entspringt der Nil?,de
116,¿En qué país nace el Nilo?,es
116,In quale stato nasce il Nilo?,it
116,Dans quel pays commence le Nil?,fr
116,In welk land ontspringt de Nijl?,nl
116,नाइल नदी किस देश में शुरू होती है?,hi_IN
117,Who is the Formula 1 race driver with the most races?,en
117,چه کسی راننده فرمول 1 با بیشترین مسابقه است؟,fa
117,Wer ist der Formel-1-Fahrer mit den meisten Rennen?,de
117,¿Quién es el conductor de Formula 1 con más carreras?,es
117,Qual è il pilota di Formula 1 con più gare?,it
117,Quel est le pilote de Formule 1 qui a gagné le plus de courses?,fr
117,Wie is de Formule 1-coureur met de meeste races op zijn naam?,nl
117,सबसे अधिक दौड़ वाले फॉर्मूला 1 रेस ड्रायवर कौन है?,hi_IN
117,Cine este pilotul de curse Formula 1 cu cele mai multe curse?,ro
118,Which companies produce hovercrafts?,en
118,چه شرکت هایی هواناو تولید می کنند؟,fa
118,Welche Firmen stellen Hovercrafts her?,de
118,¿Qué compañías producen aerodeslizadores?,es
118,Quali società producono aeroscafi?,it
118,Quelles companies produisent des aéroglisseurs?,fr
118,Welke bedrijven produceren hovercrafts?,nl
118,कौन सी कंपनियां हॉवरक्राफ्ट बनाती हैं?,hi_IN
118,Care companii produc aeroglisoare?,ro
119,Did Elvis Presley have children?,en
119,آیا الویس پرسلی فرزند دارد؟,fa
119,Hatte Elvis Presley Kinder?,de
119,Tuvo hijos Elvis Presley?,es
119,Elvis Presley ha avuto dei figli?,it
119,Elvis Presley a-t-il eu des enfants?,fr
119,Had Elvis Presley kinderen?,nl
119,क्या एल्विस प्रेस्ली के बच्चे थे ?,hi_IN
119,A avut Elvis Presley copii?,ro
120,In which countries do people speak Japanese?,en
120,در چه کشورهایی مردم ژاپنی صحبت می کنند؟,fa
120,In welcher Ländern wird Japanisch gesprochen?,de
120,¿En qué países se habla japonés?,es
120,In quali stati si parla giapponese?,it
120,Dans quels pays parle-t-on japonais?,fr
120,In welke landen wordt Japans gesproken?,nl
120,किन देशों में लोग जापानी बोलते हैं?,hi_IN
120,În ce țari se vorbește japoneza?,ro
121,Show me the book that Muhammad Ali wrote.,en
121,"Zeig mir das Buch, das Muhammad Ali geschrieben hat.",de
121,Muéstrame el libro escrito por Muhammad Ali.,es
121,Mostrami il libro scritto da Muhammad Ali.,it
121,Donne-moi le livre écrit par Muhammad Ali.,fr
121,Toen het boek dat Muhammad Ali heeft geschreven.,nl
121,मुझे किताब बताओ जो मुहम्मद अली ने लिखी थी।,hi_IN
121,Arată-mi cartea pe care a scris-o Muhammad Ali.,ro
122,Is Michelle Obama the wife of Barack Obama?,en
122,Ist Michelle Obama die Frau von Barack Obama?,de
122,¿Es Michele Obama la esposa de Barack Obama?,es
122,Michelle Obama è la moglie di Barack Obama?,it
122,Michelle Obama est-elle l'épouse de Barack Obama?,fr
122,Is Michelle Obama de vrouw van Barack Obama?,nl
122,क्या बराक ओबामा की पत्नी मिशेल ओबामा हैं?,hi_IN
123,What is the area code of Berlin?,en
123,Was ist die Vorwahl von Berlin?,de
123,¿Cuál es el prefijo de Berlin?,es
123,Qual è il prefisso di Berlino?,it
123,Quel est l'indicatif téléphonique de Berlin?,fr
123,Wat is het kengetal van Berlijn?,nl
123,बर्लिन का क्षेत्र कोड क्या है?,hi_IN
124,Give me all actors starring in Last Action Hero.,en
124,"Gib mir alle Schauspieler, die in Last Action Hero mitgespielt haben.",de
124,Dame todos los actores que hayan actuado en Last Action Hero.,es
124,Dammi tutti gli attori che hanno recitato in Last Action Hero.,it
124,Noem alle acteurs uit de film Last Action Hero.,fr
124,Noem alle acteurs uit de film Last Action Hero.,nl
124,मुझे लास्ट एक्शन हीरो में अभिनीत सभी कलाकारों के नाम बतायें दो।,hi_IN
124,Dă-mi toți actorii cu roluri principale în Last Action Hero.,ro
125,What was the first Queen album?,en
125,اولین آلبوم کوئین چه بود؟,fa
125,Was war das erste Queen-Album?,de
125,¿Cuál fue el primer álbum de Queen?,es
125,Qual è stato il primo album dei Queen?,it
125,Quel est le premier album de Queen?,fr
125,Wat was het eerste Queen-album?,nl
125,सबसे पहला क्वीन एल्बम क्या था?,hi_IN
125,Care a fost primul album Queen?,ro
126,Which television shows were created by Walt Disney?,en
126,Welche Fernsehserien hat Walt Disney entworfen?,de
126,¿Qué series televisivas ideó Walt Disney?,es
126,Quali serie televisive sono state create dalla Walt Disney?,it
126,Quelles séries télevisées ont été créées par Walt Disney?,fr
126,Welke televisieseries werden bedacht door Walt Disney?,nl
126,वॉल्ट डिज़नी द्वारा किस टेलीविज़न शो का निर्माण किया गया था?,hi_IN
127,What is the bridge with the longest span?,en
127,Welche Brücke hat die längste Spannweite?,de
127,¿Qué puente tiene el mayor largo del vano?,es
127,Qual è il ponte con la campata più lunga?,it
127,Quel est le pont le plus large?,fr
127,Wat is de brug met de grootste spanwijdte?,nl
127,सबसे लंबा पुल कौन सा है?,hi_IN
127,Care este podul cu cea mai mare deschidere?,ro
128,What country is Sitecore from?,en
128,سایتکور در کدام کشور تأسیس شد؟,fa
128,Aus welchem Land kommt Sitecore?,de
128,¿De qué país es Sitecore?,es
128,Di che nazione è Sitecore?,it
128,Quel est le pays d'origine de Sitecore?,fr
128,Uit welke land komt Sitecore?,nl
128,साइटकोर कौन से देश से है?,hi_IN
128,Din ce țară este Sitecore?,ro
129,What is the capital of Canada?,en
129,Was ist die Hauptstadt von Kanada?,de
129,¿Cuál es la capital de Canadá?,es
129,Qual è la capitale del Canada?,it
129,Quelle est la capitale du Canada?,fr
129,Wat is de hoofdstad van Canada?,nl
129,कनाडा की राजधानी क्या है?,hi_IN
130,Who was Vincent van Gogh inspired by?,en
130,ونسان ون گوگ از چه کسی الهام گرفته است؟,fa
130,Wer hat Vincent van Gogh inspiriert?,de
130,¿Quién inspiro a Vincent van Gogh?,es
130,Da chi fu inspirato Vincent van Gogh?,it
130,Qui a inspiré Victor van Gogh?,fr
130,Wie heeft van Gogh geinspireerd?,nl
130,विंसेंट वैन गाग किनसे प्रेरित थे ?,hi_IN
130,De către cine a fost Vincent van Gogh inspirat?,ro
131,In which city did John F. Kennedy die?,en
131,In welcher Stadt ist John F. Kennedy gestorben?,de
131,¿En qué ciudad murió John F. Kennedy?,es
131,In quale città morì John F. Kennedy?,it
131,Dans quelle ville est mort John F. Kennedy?,fr
131,In welke stad kwam John F. Kennedy om het leven?,nl
131,किस शहर में जॉन एफ कैनेडी का निधन हुआ ?,hi_IN
132,Was U.S. president Jackson involved in a war?,en
132,War US-Präsident Jackson in einen Krieg verwickelt?,de
132,¿Estuvo el el presidente de los estados unidos Jackson involucrado en una guerra?,es
132,Il presidente degli Stati Uniti Jackson è stato coinvolto in una guerra?,it
132,Le président Jackson a-t-il participé à une guerre?,fr
132,Was president Jackson van de Verenigde Staten betrokken bij een oorlog?,nl
132,क्या अमेरिका के राष्ट्रपति जैक्सन किसी युद्ध में शामिल थे?,hi_IN
133,Who wrote the Game of Thrones theme?,en
133,طرح بازی تاج و تخت را چه کسی نوشت؟,fa
133,Wer hat das Titellied für Games of Thrones geschrieben?,de
133,¿Quién escribió el tema del Juego de Tronos?,es
133,Chi ha scritto Game of Thrones?,it
133,Qui a écrit le thème de Game of Thrones?,fr
133,Wie heeft de titelmuziek van Game of Thrones gekomponeerd?,nl
133,गेम ऑफ़ थ्रोन्स थीम किसने लिखी हैं ?,hi_IN
133,Cine a scris tema din Urzeala Tronurilor?,ro
134,Who designed the Brooklyn Bridge?,en
134,Wer hat die Brooklyn Bridge entworfen?,de
134,¿Quién diseñó la Brooklyn Bridge?,es
134,Chi ha progettato il ponte di Brooklyn?,it
134,Qui a conçu le pont de Brooklyn?,fr
134,Wie ontwierp de Brooklyn Bridge?,nl
134,ब्रुकलिन ब्रिज को किसने बनाया है?,hi_IN
134,Cine a proiectat podul din Brooklyn?,ro
135,When did Boris Becker end his active career?,en
135,بوریس بکر کی به فعالیت هنری اش خاتمه داد؟,fa
135,Wann hat Boris Becker seine aktive Karriere beendet?,de
135,¿Cuándo termino Boris Becker su carrera como actor?,es
135,Boris Becker quando ha concluso la sua carriera?,it
135,Quelle est la date de terminaison de la carrière de Boris Becker?,fr
135,Wanneer stopte Boris Becker zijn actieve loopbaan?,nl
135,बोरिस बेकर ने अपना सक्रिय कैरियर कब समाप्त किया?,hi_IN
135,Când și-a încheiat Boris Becker cariera activă?,ro
136,Which types of grapes grow in Oregon?,en
136,چه انواعی از انگور در اورگن رشد می کند؟,fa
136,Welche Traubenarten wachsen in Oregon?,de
136,¿Que tipo de uva crece en Oregon?,es
136,Quali tipi di uva crescono in Oregon?,it
136,Quelles genres de raisin poussent en Oregon?,fr
136,Welke soorten druiven groeien in Oregon?,nl
136,ओरेगन में किस प्रकार के अंगूर उगते हैं?,hi_IN
136,Ce soiuri de struguri cresc în Oregon?,ro
137,How tall is Michael Jordan?,en
137,Wie groß ist Michael Jordan?,de
137,¿Qué altura tiene Michael Jordan?,es
137,Quanto è alto Michael Jordan?,it
137,Quelle est la taille de Michael Jordan?,fr
137,Hoe lang is Michael Jordan?,nl
137,माइकल जॉर्डन कितना लंबा है?,hi_IN
138,To which party does the mayor of Paris belong?,en
138,شهردار پاریس عضو چه حزبی است؟,fa
138,Welcher Partei gehört die Bürgermeisterin von Paris an?,de
138,¿A qué partido politico pertenece el alcalde de París?,es
138,A quale partito polito appartiene il sindaco di Parigi?,it
138,Quel est le parti politique du maire de Paris?,fr
138,Tot welke partij behoort de burgemeester van Parijs?,nl
138,पेरिस के महापौर किस पार्टी के हैं?,hi_IN
138,Cărui partid aparține primarul Parisului?,ro
139,Who wrote the book The Pillars of the Earth?,en
139,Wer schrieb das Buch Die Säulen der Erde?,de
139,¿Quen escribió el libro Los pilares de la Tierra?,es
139,Chi ha scritto il libro I pilastri della Terra?,it
139,Qui a écrit le livre Les Piliers de la Terre?,fr
139,Wie schreef het boek De Pilaren van de Aarde?,nl
139,किसने द पिल्लर्स ऑफ द अर्थ किताब को लिखा हैं ?,hi_IN
139,Cine e scris cartea Stâlpii Pământului?,ro
140,Who was the doctoral supervisor of Albert Einstein?,en
140,چه کسی استاد راهنمای دکترای آلبرت اینشتین بود؟,fa
140,Wer war der Doktorvater von Albert Einstein?,de
140,¿Quien es el supervisor de doctorado de Albert Einstein?,es
140,Chi era il supervisore della tesi di dottorato di Albert Einstein?,it
140,Qui était le directeur de thèse d'Albert Einstein,fr
140,Wie was de promotor van Albert Einsteins doctoraatsonderzoek?,nl
140,अल्बर्ट आइंस्टीन के डॉक्टरेट के पर्यवेक्षक कौन थे?,hi_IN
140,Cine a fost conducătorul de doctorat al lui Albert Einstein?,ro
141,In which city does Sylvester Stallone live?,en
141,سیلوستر استالونه در کدام شهر زندگی می کند؟,fa
141,In welcher Stadt wohnt Sylvester Stallone?,de
141,¿En qué ciudad vive Sylvester Stallone?,es
141,In quale città vive Sylvester Stallone?,it
141,Dans quelle ville vit Sylvester Stallone?,fr
141,In welke stad woont Sylvester Stallone?,nl
141,सिल्वेस्टर स्टेलोन किस शहर में रहते हैं?,hi_IN
141,În ce oraș trăiește Sylvester Stallone?,ro
142,What is the currency of the Czech Republic?,en
142,Was ist die Währung der Tschechischen Republik?,de
142,¿Cuál es la moneda de la república checa?,es
142,Qual è la valuta della Repubblica Ceca?,it
142,Quel est la devise de la Tchéquie?,fr
142,Wat is de munteenheid van Tsjechië?,nl
142,चेक गणराज्य की मुद्रा क्या है?,hi_IN
143,Did Socrates influence Aristotle?,en
143,Hat Sokrates Aristoteles beeinflusst?,de
143,¿Tuvo Sócrates influencia sobre Aristóteles?,es
143,Socrate ha influenzato Aristotele?,it
143,Socrate a-t-il influencé Aristote?,fr
143,Beïnvloedde Socrates Aristoteles?,nl
143,क्या एरिस्टोटल सोक्रेटस से प्रभावित थे?,hi_IN
144,Who is the son of Sonny and Cher?,en
144,پسر سونی و چر چه کسی بود؟,fa
144,Wer ist der Sohn von Sonny und Cher?,de
144,¿Quién es el hijo de Sonny y Cher?,es
144,Chi è il figlio di Sonny e Cher,it
144,Qui est le fils de Sonny et Cher?,fr
144,Wie is de zoon van Sonny en Cher?,nl
144,सोनि और चेर का बेटा कौन है?,hi_IN
144,Cine este fiul lui Sonny și Cher?,ro
145,In which city are the headquarters of the United Nations?,en
145,مقر سازمان ملل در کدام شهر قرار دارد؟,fa
145,In welcher Stadt ist das Hauptquartier der Vereinten Nationen?,de
145,¿En qué ciudad se encuentra la sede de las Naciones Unidas?,es
145,In quale città si trova il quartier generale delle Nazioni Unite?,it
145,Dans quelle ville se trouvé les quartiers généraux des Nations Unies?,fr
145,In welke stad bevindt zich het hoofdkwartier van de Verenigde Naties?,nl
145,संयुक्त राष्ट के मुख्यालय कौन सा शहर में हैं?,hi_IN
145,În ce oraș se află cartierul general al Națiunilor Unite?,ro
146,Who is the founder of Penguin Books?,en
146,Wer hat Penguin Books gegründet?,de
146,¿Quien es el fundador de Penguin Books?,es
146,Chi è il fondatore di Penguin Books?,it
146,Qui est le fondateur de Penguin  Books?,fr
146,Wie is de oprichter van Penguin Books?,nl
146,पेंगुइन बुक्स के संस्थापक कौन हैं?,hi_IN
146,Cine este fondatorul Penguin Books?,ro
147,When was Jack Wolfskin founded?,en
147,جک ولفیش کی تأسیس شد؟,fa
147,Wann wurde Jack Wolfskin gegründet?,de
147,¿Cúando se fundó Jack Wolfskin?,es
147,Quando è stata fondata Jack Wolfskin?,it
147,Quand a été fondé Jack Wolfskin?,fr
147,Wanneer werd Jack Wolfskin opgericht?,nl
147,जैक वुल्फस्किन की स्थापना कब हुई थी?,hi_IN
147,Când a fost fondat Jack Wolfskin?,ro
148,Who is the mayor of Rotterdam?,en
148,Wer ist der Bürgermeister von Rotterdam?,de
148,¿Quién es el alcalde de Rotterdam?,es
148,Chi è il sindaco di Rotterdam?,it
148,Qui est le maire de Rotterdam?,fr
148,Wie is de burgemeester van Rotterdam?,nl
148,रॉटरडैम के महपौर कौन हैं?,hi_IN
148,Cine este primar în Rotterdam?,ro
149,Give me all Swedish oceanographers.,en
149,Gib mir alle Schwedischen Ozeanographen.,de
149,Dame todos los oceanógrafos suecos.,es
149,Dammi tutti gli oceanografi svedesi.,it
149,Donne-moi tous les océanographes suédois.,fr
149,Toon alle Zweedse oceanograafen.,nl
149,मुझे सभी स्वीडिश महासागरीय वैज्ञानिकों की सूचि बतायें।,hi_IN
149,Dă-mi toți oceanografii suedezi.,ro
150,Show me Hemingway's autobiography.,en
150,خود زندگی نامه همینگوی را بده.,fa
150,Zeig mir Hemmingways Autobiographie.,de
150,Muéstrame la autobiografía Hemingway.,es
150,Mostrami l'autobiografia di Hemingway.,it
150,Montre l'autobiographie de Hemingway.,fr
150,Toen de autobiografie van Hemmingway.,nl
150,हेमिंग्वे की आत्मकथा मुझे दिखायें।,hi_IN
150,Arată-mi autobiografia lui Hemingway,ro
151,Who are the parents of the wife of Juan Carlos I?,en
151,Wer sind die Eltern der Frau von Juan Carlos I?,de
151,¿Quién son los padres de la esposa de Juan Carlos I?,es
151,Chi sono i genitori della moglie di Juan Carlos I?,it
151,Qui sont les parents de l'épouse de Juan Carlos Ier?,fr
151,Hoe heten de ouders van de vrouw van Juan Carlos I?,nl
151,जुआन कार्लोस-१ की पत्नी के माता-पिता कौन हैं?,hi_IN
151,Cine sunt părinții soției lui Juan Carlos I?,ro
152,Did Tesla win a nobel prize in physics?,en
152,Hat Tesla den Nobelpreis für Physik gewonnen?,de
152,¿Obtuvo Tesla el premio nobel de física?,es
152,Tesla ha vinto un premio Nobel per la fisica?,it
152,Tesla a-t-il recu le prix Nobel?,fr
152,Heeft Tesla ooit de Nobelprijs voor de Natuurkunde gewonnen?,nl
152,क्या टेस्ला ने भौतिक विज्ञान में नोबेल पुरस्कार जीता?,hi_IN
153,Who is the tallest basketball player?,en
153,چه کسی بلندترین بازیکن بسکتبال است؟,fa
153,Wer ist der größte Basketballspieler?,de
153,Quien es el jugador de baloncesto mas alto?,es
153,Chi è il giocatore di pallacanestro più alto?,it
153,Quel est le plus grand joueur de basket?,fr
153,Wie is de grootste basketballer?,nl
153,सबसे लंबा बास्केटबॉल खिलाड़ी कौन है?,hi_IN
153,Cine este cel mai înalt jucător de basket?,ro
154,Which city has the least inhabitants?,en
154,چه شهری کمترین سکنه را دارد؟,fa
154,Welche Stadt hat die wenigsten Einwohner?,de
154,¿Que ciudad tiene la menor población?,es
154,Quale città ha il minor numero di abitanti?,it
154,Quelle ville a le plus petit nombre d'habitants?,fr
154,Welke stad heeft de minste inwoners?,nl
154,सबसे कम निवासियों वाला शहर कौन सा है?,hi_IN
154,Care oraș are cei mai puțini locuitori?,ro
155,Is proinsulin a protein?,en
155,Ist Proinsulin ein Protein?,de
155,¿La proinsulina es una proteina?,es
155,a proinsulina è una proteina?,it
155,La pro-insuline est-elle une protéine?,fr
155,Is proinsuline een proteïne?,nl
155,क्या प्रोइन्सुलिन एक प्रोटीन है?,hi_IN
156,Who were the parents of Queen Victoria?,en
156,Wer waren die Eltern von Königin Viktoria?,de
156,¿Quiénes fueron los padres de la reina Victoria?,es
156,Chi sono i genitori della regina Vittoria?,it
156,Qui étaient les parents de la reine Victoria?,fr
156,Wie waren de ouders van Koningin Victoria?,nl
156,महारानी विक्टोरिया के माता-पिता कौन थे?,hi_IN
156,Cine au fost părinții reginei Victoria?,ro
157,Did Che Guevara have children?,en
157,Hatte Che Guevara Kinder?,de
157,¿Tuvo hijos el Che Guevara?,es
157,Che Guevara aveva dei figli?,it
157,Est-ce que Che Guevara a eu des enfants?,fr
157,Had Che Guevara kinderen?,nl
157,क्या चे ग्वेरा के बच्चे हैं?,hi_IN
157,Che Guevara a avut copii?,ro
158,Is Lake Baikal bigger than the Great Bear Lake?,en
158,Ist der Baikalsee größer als der Große Bärensee?,de
158,¿Es el lago Baikal mayor que el lago Great Bear?,es
158,Il lago Baikal è più grande le lago Great Bear?,it
158,Est-ce que Lake Baikal est plus grand que le Great Bear Lake?,fr
158,Is het Baikalmeer groter dan het Groot Berenmeer?,nl
158,क्या जैक बेयर झील तुलना में बाइकाल झील बड़ी है?,hi_IN
158,Lacul Baikal este mai mare decât lacul Great Bear?,ro
159,Did Kaurismäki ever win the Grand Prix at Cannes?,en
159,آیا کوریسماکی تا بحال جایزه بزرگ  جشنواره کن را برده است؟,fa
159,Hat Kaurismäki jemals den Großen Preis der Jury in Cannes gewonnen?,de
159,¿Gano Kaurismäki alguna vez el Gran Prix de Cannes?,es
159,Kaurismäki ha mai vinto il Grand Prix a Cannes?,it
159,A Kaurismäki gagné le Grand Prix de Cannes?,fr
159,Heeft Kaurismäki ooit de Grand Prix op het filmfestival van Cannes gewonnen?,nl
159,क्या कौरिस्म्की कभी कैनन्स में ग्रांड प्रिक्स जीते हैं?,hi_IN
159,Kaurismäki a câștigat vreodată premiul Grand Prix la Cannes?,ro
160,Give me all books by William Goldman with more than 300 pages.,en
160,Gib mir alle Bücher von William Goldman mit mehr als 300 Seiten.,de
160,Dame todos los libros de Wiliam Goldman con más de 300 páginas.,es
160,Dammi tutti i libri di Wiliam Goldman con più di 300 pagine.,it
160,Donnes-moi tous les livres de William Goldman avec plus de 300 pages.,fr
160,Geef alle boeken van William Goldman met meer dan 300 pagina's.,nl
160,मुझे ३०० से अधिक पृष्ठों के साथ विलियम गोल्डमैन की किताबें की सूचि बतायें।,hi_IN
160,Dă-mi toate carțile de William Glodman cu mai mult de 300 de pagini.,ro
161,Where is Syngman Rhee buried?,en
161,ایسونگمن ری گجا دفن شده است؟,fa
161,Wo liegt Syngman Rhee begraben?,de
161,¿Dónde está enterrado Syngman Rhee?,es
161,Dove è sepolto Syngman Rhee?,it
161,Où est enterré Syngman Rhee?,fr
161,Waar ligt Syngman Rhee begraven?,nl
161,सिन्गमैन र्ही कहाँ दफनाया गया है?,hi_IN
161,Unde este înmormântat Syngman Rhee?,ro
162,What is the timezone in San Pedro de Atacama?,en
162,منطقه زمانی در San Pedro de Atacama چیست؟,fa
162,In welcher Zeitzone liegt San Pedro de Atacama?,de
162,¿Cuál es la zona horaria en San Pedro de Atacama?,es
162,Qual è il fuso orario di San Pedro de Atacama?,it
162,Quel est le fuseau horaire de San Pedro de Atacama?,fr
162,Wat is de tijdzone in San Pedro de Atacama?,nl
162,सैन पेड्रो डे अटाकामा में समय क्षेत्र क्या है?,hi_IN
162,Care este fusul orar din San Pedro de Atacama?,ro
163,To which artistic movement did the painter of The Three Dancers belong?,en
163,نقاش سه رقصنده به چه جنبش هنری تعلق دارد؟,fa
163,Welcher Stilrichtung gehörte der Maler der Drei Tänzer an?,de
163,¿A qué estilo artístico pertenece el pinto de Los Tres Bailarines?,es
163,A quale movimento artistico apparteneva il pittore de I tre ballerini?,it
163,A quel mouvement artistisque appartient le peintre de Les Trois Danceurs?,fr
163,Tot welke artistieke stijl behoort de schilder van de Drie Dansers?,nl
163,द थ्री डांसर्स के चित्रकार किस कलात्मक आंदोलन से हैं?,hi_IN
163,Cărui curent artistic îi aparține pictorul lucrării Trei dansatoare?,ro
164,Which scientist is known for the Manhattan Project and the Nobel Peace Prize?,en
164,Welcher Wissenschaftler ist bekannt für das Manhattan-Projekt und den Friedensnobelpreis?,de
164,¿Qué científicos son conocidos por el proyecto Manhattan y el premio Nobel de la Paz?,es
164,Quale scienziato è conosciuto per il progetto Manhattan e per il premio Nobel per la pace?,it
164,Quel chercheur est connu pour le projet Manhattan et le prix Nobel de la paix?,fr
164,Welke wetenschaper staat bekend om het Manhattan Project en de Nobelprijs voor de Vrede?,nl
164,कौन सा वैज्ञानिक मैनहट्टन प्रोजेक्ट और नोबेल शांति पुरस्कार के लिए जाना जाता है?,hi_IN
164,Care om de știință este cunoscut pentru proiectul Manhattan și pentru premiul Nobel pentru pace?,ro
165,Show me all books in Asimov's Foundation series.,en
165,مجموعه کتاب های آسیموف چند کتاب دارد؟,fa
165,Zeig mir alle Bücher in Asimovs Foundation-Serie.,de
165,Muéstrame todos los libros en la serie Fundación de Asimov,es
165,Mostrami tutti i libri del Ciclo della Fondazione di Asimov,it
165,Montres-moi tous les livres du Cycle de Fondation d'Asimov.,fr
165,Toon alle boeken die bij de Foundation-serie horen.,nl
165,असिमोव की फाउंडेशन श्रृंखला की सारी पुस्तकों की सूचि दिखाएं।,hi_IN
165,Arată-mi toate cărțile din seria Fundația de Asimov,ro
166,Which museum in New York has the most visitors?,en
166,کدام موزه در نیویورک بیشترین بازدید کننده را دارد؟,fa
166,Welches Museum in New York hat die meisten Besucher?,de
166,¿Qué museo en Nueva York tiene el mayor numero de visitantes?,es
166,Quale museo di New York ha il maggior numero di visitatori?,it
166,Quel musée de New York a le plus de visiteurs?,fr
166,Welk museum in New York heeft de meeste bezoekers?,nl
166,न्यूयॉर्क में कौन से संग्रहालय में सबसे अधिक आगंतुक हैं?,hi_IN
166,Care muzeu din New York are cei mai mulți vizitatori?,ro
167,How high is the Yokohama Marine Tower?,en
167,Wie hoch ist der Yokohama Marine Tower?,de
167,¿Cómo de alta el la torre Yokohama Marine?,es
167,Quanto è alta la torre Yokohama Marine?,it
167,Quelle est la hauteur de la tour de Yokohama?,fr
167,Hoe hoog is de Yokohama Marine Tower?,nl
167,योकोहामा समुद्री टॉवर कितना ऊँचा है?,hi_IN
167,Cât de înalt este Turnul Marine Yokohama?,ro
168,Who is the youngest Darts player?,en
168,Wer ist der jüngste Dartspieler?,de
168,¿Quién es el jugador mas jóven de dardos?,es
168,Chi è il giocatore di freccette più giovane?,it
168,Quel est le joueur de fléchettes le plus jeune?,fr
168,Wie is de jongste dartsspeler?,nl
168,सबसे छोटा डार्ट्स खिलाड़ी कौन है?,hi_IN
168,Cine este cel mai tânăr jucător de Darts?,ro
169,Who developed the video game World of Warcraft?,en
169,Wer hat das Videospiel World of Warcraft entwickelt?,de
169,¿Quién desarrolló el videojuego Warcraft?,es
169,Chi ha creato il videogioco World of Warcraft?,it
169,Qui a développé World of Warcraft?,fr
169,Wie heeft het videospel World of Warcraft ontwikkeld?,nl
169,वर्ल्ड ऑफ़ वारक्राफ़्ट गेम किसने विकसित किया हैं?,hi_IN
170,Who was the pope that founded the Vatican Television?,en
170,Welcher Papst hat das Vatikanische Fernsehen gegründet?,de
170,¿Quien fue el papa que fundo la televisión Vaticana?,es
170,Quale papa ha fondato la televisione vaticana?,it
170,Quel pape est le fondateur de la télé du Vatican?,fr
170,Welk paus richtte de Vaticaanse televisie op?,nl
170,किस पोप ने वेटिकन टेलीविजन की स्थापना की थी?,hi_IN
170,Cine a fost papa care a creat televiziunea din Vatican?,ro
171,Who composed the music for Harold and Maude?,en
171,Wer hat die Musik für Harold und Maude komponiert?,de
171,¿Quién compuso la música para Harold y Maude?,es
171,Chi ha composto la musica per Harold e Maude?,it
171,Qui a composé la musique de Harold et Maude?,fr
171,Wie componeerde de muziek voor Harold and Maude,nl
171,हेरोल्ड एंड मॉड के लिए संगीत किसने बनाया था?,hi_IN
172,Give me all members of Prodigy.,en
172,تمام اعضای پرادیجی را لیست کن.,fa
172,Gib mir alle Bandmitglieder von Prodigy.,de
172,Dame todos los miembros de la banda Prodigy.,es
172,Dammi tutti i membri dei Prodigy.,it
172,Donne-moi tous les membres de Prodigy.,fr
172,Noem alle leden van Prodigy.,nl
172,मुझे प्रोडिजी के सभी सदस्यों की सूचि बतायें।,hi_IN
172,Dă-mi toții membrii Prodigy.,ro
173,Who is starring in Spanish movies produced by Benicio del Toro?,en
173,چه کسی در فیلم های اسپانیایی تولید شده توسط بنیسیو دل تورو بازی می کند؟,fa
173,Wer spielt alles in spanischen Filmen produziert von Benicio del Toro mit? ,de
173,¿Quien protagoniza peliculas españolas producidas por Benicio del Toro?,es
173,Chi recita nei film spagnoli prodotti da Benicio del Toro?,it
173,Quels acteurs jouent dans des films dirigés par Benicio del Toro?,fr
173,Wie speeld in Spaanse films geproduceerd door Benicio del Toro?,nl
173,बेनिसीओ डेल टोरो द्वारा निर्मित स्पेनिश फिल्मों में कौन अभिनय करता है?,hi_IN
173,Cine sunt protagoniști în filmele spaniole produse de Benicio del Toro?,ro
174,In which country is Mecca located?,en
174,In welchem Land liegt Mekka?,de
174,¿En que país se sitúa la Meca?,es
174,In quale stato si trova La Mecca?,it
174,Dans quel pays se trouve Mecca?,fr
174,In welk land ligt Mekka?,nl
174,मक्का किस देश में स्थित है?,hi_IN
174,În ce țară se află Mecca?,ro
175,How many languages are spoken in Colombia?,en
175,چه تعداد زبان در کلمبیا صحبت می شود؟,fa
175,Wieviele Sprachen werden in Kolumbien gesprochen?,de
175,¿Cuántos idiomas se hablan en Colombia?,es
175,Quante lingue sono parlate in Colombia?,it
175,Combien de langues sont parlées au Colombie?,fr
175,Hoeveel talen worden er in Colombia gesproken?,nl
175,कोलंबिया में कितनी भाषाएं बोली जाती हैं?,hi_IN
175,Câte limbi sunt vorbite în Columbia?,ro
176,What is the biggest stadium in Spain?,en
176,بزرگترین استادیوم در اسپانیا کدام است؟,fa
176,Was ist das größte Stadion in Spanien?,de
176,¿Cuál es el estadio más grande de España?,es
176,Qual è lo stadio più grande in Spagna?,it
176,Quel est le plus grand stade d'Espagne?,fr
176,Wat is het grootste stadion van Spanje?,nl
176,"स्पेन, सबसे बड़ा, स्टेडियम",hi_IN
176,Care este cel mai mare stadion din Spania?,ro
177,What are the five boroughs of New York?,en
177,پنج منطقه نیویورک کدام است؟,fa
177,Was sind die fünf Stadtteile von New York?,de
177,¿Cuáles son los cinco condados de Nueva York?,es
177,Quali sono i cinque quartieri di New York?,it
177,Donne-moi cinq quartiers de New York.,fr
177,Wat zijn de fijv wijken van New York?,nl
177,न्यूयॉर्क के पांच नगर क्या हैं?,hi_IN
177,Care sunt cele cinci cartiere din New York?,ro
178,Is Cola a beverage?,en
178,Ist Cola ein Getränk?,de
178,¿La Coca Cola es una bebida?,es
178,La Cola è una bevanda?,it
178,Le Coca est-il une boisson?,fr
178,Is cola een drank?,nl
178,क्या कोला एक पेय है?,hi_IN
178,Cola este o băutură?,ro
179,Where in France is sparkling wine produced?,en
179,Wo in Frankreich wird Schaumwein hergestellt?,de
179,¿Dónde en Francia se produce el vino espumoso?,es
179,Dove si produce vino frizzante in Francia?,it
179,Où produit-on du vin mousseux en France?,fr
179,Waar in Frankrijk word mousserende wijn geproduceerd?,nl
179,फ्रांस में स्पार्कलिंग वाइन का उत्पादन कहाँ होता है?,hi_IN
179,Unde în Franța este produs vinul spumant?,ro
180,Are there any castles in the United States?,en
180,,fa
180,Gibt es irgendwelche Schlösser in den Vereinigten Staaten?,de
180,,es
180,Ci sono castelli negli Stati Uniti?,it
180,Y a-t-il des châteaux aux États-Unis?,fr
180,,nl
180,,ro
181,Can you find frescoes in Crete?,en
181,,fa
181,Können Sie Fresken in Kreta finden?,de
181,,es
181,Si possono trovare affreschi a Creta?,it
181,Peut-on trouver des fresques en Crète?,fr
181,,nl
181,,ro
182,Do Urdu and Persian have a common root?,en
182,,fa
182,Haben Urdu und Perser eine gemeinsame Wurzel?,de
182,,es
182,Urdu e Persiano hanno le stesse radici?,it
182,Est-ce que l'ourdou et le persan ont une origine commune?,fr
182,,nl
182,,ro
183,Does the Ford Motor Company have a manufacturing plant in Malaysia?,en
183,,fa
183,Hat Ford eine Frabik in Malaysia?,de
183,,es
183,La Ford ha una fabbrica in Malesia?,it
183,Est-ce que Ford possède une usine en Malaisie?,fr
183,,nl
183,,ro
184,How many years was the Ford Model T manufactured?,en
184,,fa
184,Wie viele Jahre wurde das Ford Model T hergestellt?,de
184,,es
184,Per quanti anni fu prodotta la Ford T?,it
184,Pendant combien d'années la Ford T a-t-elle été fabriquée?,fr
184,,nl
184,,ro
185,Give me all gangsters from the prohibition era.,en
185,,fa
185,Gib mir alle Gangster der Prohibitions Ära.,de
185,,es
185,Dammi tutti i gangster dell'era del proibizionismo.,it
185,Donnez-moi le nom de tous les gangsters de la Prohibition.,fr
185,,nl
185,,ro
186,Give me all Seven Wonders of the Ancient World.,en
186,,fa
186,Gib mir alle Sieben Wunder der Antiken Welt.,de
186,,es
186,Dammi tutte le Sette Meraviglie del Mondo Antico.,it
186,Donnez-moi le nom des Sept Merveilles du Monde antique.,fr
186,,nl
186,,ro
187,Give me all chemical elements.,en
187,,fa
187,Gib mir alle Chemischen Elemente.,de
187,,es
187,Dammi tutti gli elementi chimici.,it
187,Donnez-moi le nom de tous les éléments chimiques.,fr
187,,nl
187,,ro
188,How many rivers and lakes are in South Carolina?,en
188,,fa
188,Wie viele Flüsse und Seen gibt es in South Carolina?,de
188,,es
188,Quanti fiumi e laghi ci sono in Carolina del Sud?,it
188,Combien de rivières et de lacs y a-t-il en Caroline du Sud?,fr
188,,nl
188,,ro
189,How many states are in Mexico?,en
189,,fa
189,Wie viele Staaten gibt es in Mexiko?,de
189,,es
189,Quanti stati ci sono in Messico?,it
189,Combien d'états y a-t-il au Mexique?,fr
189,,nl
189,,ro
190,How many theories did Albert Einstein come up with?,en
190,,fa
190,Wie viele Theorien hat Albert Einstein formuliert?,de
190,,es
190,Quante teorie formulò Albert Einstein?,it
190,Combien de théories a Albert Einstein formulé?,fr
190,,nl
190,,ro
191,Is horse racing a sport?,en
191,,fa
191,Ist Pferderennen ein Sport,de
191,,es
191,L'ippica è uno sport?,it
191,Est-ce que les courses hippiques sont un sport?,fr
191,,nl
191,,ro
192,Is Pluto really a planet?,en
192,,fa
192,Ist Pluto wirklich ein Planet?,de
192,,es
192,Plutone è veramente un pianeta?,it
192,Est-ce que Pluton est réellement une planète?,fr
192,,nl
192,,ro
193,Was Sigmund Freud married?,en
193,,fa
193,War Sigmund Freud verheiratet?,de
193,,es
193,Sigmund Freud era sposato?,it
193,Est-ce que Sigmund Freud était marié?,fr
193,,nl
193,,ro
194,What form of government is found in South Africa?,en
194,,fa
194,Welche Regierungsform hat Südafrika?,de
194,,es
194,Che forma di governo c'è in Sudafrica?,it
194,Quelle forme de gouvernement y a-t-il en Afrique du Sud?,fr
194,,nl
194,,ro
195,What is the largest state in the United States?,en
195,,fa
195,Was ist der größte Staat in den Vereinigten Staaten?,de
195,,es
195,Qual è lo stato più esteso degli Stati Uniti?,it
195,Quel est le plus grand état des États-Unis?,fr
195,,nl
195,,ro
196,What is the longest river in the world?,en
196,,fa
196,Was ist der längste Fluss der Welt?,de
196,,es
196,Qual è il fiume più lungo del mondo?,it
196,Quelle est la rivière la plus longue au monde?,fr
196,,nl
196,,ro
197,Which building after the Burj Khalifa has the most floors?,en
197,,fa
197,Welches Gebäude nach dem Burj Khalifa hat die meisten Etagen,de
197,,es
197,Quale edificio dopo il Burj Khalifa ha più piani?,it
197,Quel édifice a le plus grand nombre d'étages après le Burj Khalifa?,fr
197,,nl
197,,ro
198,What is the wavelength of indigo?,en
198,,fa
198,Was ist die Wellenlänge von Indigo?,de
198,,es
198,Qual è la lunghezza d'onda dell'indaco?,it
198,Quelle est la longueur d'onde de l'indigo?,fr
198,,nl
198,,ro
199,What was the name of the famous battle in 1836 in San Antonio?,en
199,,fa
199,Wie ist der Name der berühmten Schlacht von 1836 in San Antonio?,de
199,,es
199,Quale fu il nome della famosa battaglia di San Antonio del 1836?,it
199,Quel est le nom de la célèbre bataille de San Antonio en 1836?,fr
199,,nl
199,,ro
200,What were the names of the three ships used by Columbus?,en
200,,fa
200,"Was waren die Namen der drei Schiffe, die Columbus benutzte?",de
200,,es
200,Quali furono i nomi delle tre navi utilizzate da Colombo?,it
200,Quels sont les noms des trois bateaux utilisés par Colomb?,fr
200,,nl
200,,ro
201,When did Muhammad die?,en
201,,fa
201,Wann ist Muhammad gestorben?,de
201,,es
201,Quando morì Maometto?,it
201,Quand est mort Mahomet?,fr
201,,nl
201,,ro
202,When was the De Beers company founded?,en
202,,fa
202,Wann wurde De Beers gegründet?,de
202,,es
202,Quando fu fondata l'azienda De Beers?,it
202,Quand a été fondée la société De Beers?,fr
202,,nl
202,,ro
203,When was John Adams born?,en
203,,fa
203,Wann wurde John Adams geboren?,de
203,,es
203,Quando nacque John Adams?,it
203,Quand est né John Adams?,fr
203,,nl
203,,ro
204,Which American presidents were in office during the Vietnam War?,en
204,,fa
204,Welche Amerikanischen Präsidenten waren während des Vietnamkriegs im Amt?,de
204,,es
204,Quali presidenti americani erano in carica durante la Guerra del Vietnam?,it
204,Quels présidents américains étaient au pouvoir pendant la guerre du Vietnam?,fr
204,,nl
204,,ro
205,Which city has the oldest running metro?,en
205,,fa
205,Welche Stadt hat die älteste funktionierende U-Bahn?,de
205,,es
205,Quale città ha la più antica metropolitana in funzione?,it
205,Quelle ville a le plus vieux métro en fonction?,fr
205,,nl
205,,ro
206,Which holidays are celebrated around the world?,en
206,,fa
206,Welche Feiertage werden auf der Welt gefeiert?,de
206,,es
206,Quali festività sono celebrate nel mondo?,it
206,Quelles fêtes sont célébrées autour du monde?,fr
206,,nl
206,,ro
207,Who assassinated President McKinley?,en
207,,fa
207,Wer hat Präsident McKinley ermordet?,de
207,,es
207,Chi assassinò il presidente McKinley?,it
207,Qui a assassiné le président McKinley?,fr
207,,nl
207,,ro
208,Who discovered Pluto?,en
208,,fa
208,Wer hat Pluto entdeckt?,de
208,,es
208,Chi scoprì Plutone?,it
208,Qui a découvert Pluton?,fr
208,,nl
208,,ro
209,Who killed Caesar?,en
209,,fa
209,Wer hat Caesar getötet?,de
209,,es
209,Chi uccise Giulio Cesare?,it
209,Qui a tué César?,fr
209,,nl
209,,ro
210,Who was buried in the Great Pyramid of Giza?,en
210,,fa
210,Wer wurde in der Cheops-Pyramide begraben?,de
210,,es
210,Chi fu sepolto nella Grande Piramide di Giza?,it
210,Qui est enterré dans la grande pyramide de Gizeh?,fr
210,,nl
210,,ro
211,Who was the first King of England?,en
211,,fa
211,Wer war der erste König von England?,de
211,,es
211,Chi fu il primo Re d'Inghilterra?,it
211,Qui était le premier roi d'Angleterre?,fr
211,,nl
211,,ro
212,What was the final result of the War of the Roses?,en
212,,fa
212,Was war das Endergebnis der Rosenkriege?,de
212,,es
212,Quale fu il risultato finale della Guerra delle Due Rose?,it
212,Quel a été le résultat final de la Guerre des Rose?,fr
212,,nl
212,,ro
213,Who writes the Farmers' Almanac?,en
213,,fa
213,Wer schreibt das Farmes' Almanac?,de
213,,es
213,Chi scrive il Farmers' Almanac?,it
213,Qui écrit l'Almanach des fermiers?,fr
213,,nl
213,,ro
214,How big is the earth's diameter?,en
214,,fa
214,Wie groß ist der Durchmesser der Erde?,de
214,,es
214,Quanto è grande il diametro della Terra?,it
214,Quelle est la longueur du diamètre de la Terre?,fr
214,,nl
214,,ro
215,How many people live in Eurasia?,en
215,,fa
215,Wie viele Menschen leben in Eurasien?,de
215,,es
215,Quante persone vivono in Eurasia?,it
215,Combien de personnes vivent en Eurasie?,fr
215,,nl
215,,ro
216,Give me the runtime of Toy Story.,en
216,,fa
216,Gib mir die Laufzeit von Toy Story.,de
216,,es
216,Dammi la durata di Toy Story.,it
216,Donnez-moi la durée de Toy Story.,fr
216,,nl
216,,ro
217,What was the first name of the band Queens of the Stone Age?,en
217,,fa
217,Was war der erste Name der Band Queens of the Stone Age?,de
217,,es
217,Qual è stato il primo nome del gruppo Queens of the Stone Age?,it
217,Quel était le premier nom du groupe Queens of the Stone Age?,fr
217,,nl
217,,ro
218,Give me the birth place of Frank Sinatra.,en
218,,fa
218,Gib mir den Geburtsort von Frank Sinatra.,de
218,,es
218,Dammi il luogo di nascita di Frank Sinatra.,it
218,Donnez-moi le lieu de naissance de Frank Sinatra.,fr
218,,nl
218,,ro
219,Which university did Angela Merkel attend?,en
219,,fa
219,Welche Universiät hat Angela Merkel besucht?,de
219,,es
219,Quale università ha frequentato Angela Merkel?,it
219,Quelle université a Angela Merkel fréquenté?,fr
219,,nl
219,,ro
